ID đơn hàng,Trạng thái đặt hàng,Checkout id,Thời Gian Đặt Hàng,Thời gian hoàn thành,Thời gian Click,Tên Shop,Shop id,Loại Shop,Item id,Tên Item,ID Model,Loại sản phẩm,Promotion id,L1 Danh mục toàn cầu,L2 Danh mục toàn cầu,L3 Danh mục toàn cầu,Giá(₫),Số lượng,Loại Hoa hồng,Đối tác chiến dịchr,Giá trị đơn hàng (₫),Số tiền hoàn trả (₫),Tỷ lệ sản phẩm hoa hồng Shope,Hoa hồng Shopee trên sản phẩm(₫),Tỷ lệ sản phẩm hoa hồng người bán,Hoa hồng Xtra trên sản phẩm(₫),Tổng hoa hồng sản phẩm(₫),Hoa hồng đơn hàng từ Shopee(₫),Hoa hồng đơn hàng từ Người bán(₫),Tổng hoa hồng đơn hàng(₫),Tên MNC đã liên kết,Mã hợp đồng MCN,Mức phí quản lý MCN,Phí quản lý MCN(₫),Mức hoa hồng tiếp thị liên kết theo thỏa thuận,Hoa hồng ròng tiếp thị liên kết(₫),Trạng thái sản phẩm liên kết,Ghi chú sản phẩm,Loại thuộc tính,Trạng thái người mua,Sub_id1,Sub_id2,Sub_id3,Sub_id4,Sub_id5,Kênh
2607086BWV73PR,Đang chờ xử lý,237218971260357,2026-07-08 21:09:39,,2026-07-02 18:57:24,Selenshop,21764863,Preferred(Non-CB),55050260733,Cài tóc vải bọc xốp màu pastel macaron xinh xắn – Băng đô thời trang cho nữ – Phụ kiện tóc đẹp Selenshop,415023760022,Normal Product,,Phụ Kiện Thời Trang,Phụ kiện tóc,Băng đô tóc,17900,1,Shopee Comm,,17900,,3.50%,626.5,0.00%,0,626.5,626.5,0,626.5,,0,0.00%,0,100.00%,626.5,Đang chờ xử lý,"Trạng thái của sản phẩm đang chờ xử lý, hoa hồng sẽ chỉ được thanh toán khi nó được hoàn thành",Đơn hàng từ các Shop khác nhau,Đã tồn tại,,,,,,Others
2607086B8N73E6,Đang chờ xử lý,237218260278555,2026-07-08 20:57:41,,2026-07-08 20:15:06,MoonBook- Top 1 sách luyện thi,172171368,Shopee Mall(Non-CB),25328875388,"Sách Toán 12 Moonbook - Tổng ôn toán học - Xuất Phát Sớm, ôn thi thpt quốc gia 2026, ĐGNL",250778817965,Normal Product,,Sách & Tạp Chí,Sách,Sách Giáo Dục,154000,1,Shopee Comm,,54000,,3.50%,1890,0.00%,0,1890,1890,0,1890,,0,0.00%,0,100.00%,1890,Đang chờ xử lý,"Trạng thái của sản phẩm đang chờ xử lý, hoa hồng sẽ chỉ được thanh toán khi nó được hoàn thành",Đơn hàng từ cùng một Shop,Đã tồn tại,,,,,,Others
2607086AC1PADG,Đang chờ xử lý,237217300288538,2026-07-08 20:41:40,,2026-07-04 18:09:27,Phụ Kiện Nhà Bơ,288072730,C2C(Non-CB),6956837717,THƯỚC DÂY MAY ĐỒ 1M5 - THƯỚC DÂY ĐA NĂNG MAY QUẦN ÁO NHIỀU MÀU,22216721412,Normal Product,,Nhà cửa & Đời sống,Dụng cụ & Thiết bị tiện ích,Dụng cụ,4500,1,Shopee Comm,,2700,,3.50%,94.5,0.00%,0,94.5,94.5,0,94.5,,0,0.00%,0,100.00%,94.5,Đang chờ xử lý,"Trạng thái của sản phẩm đang chờ xử lý, hoa hồng sẽ chỉ được thanh toán khi nó được hoàn thành",Đơn hàng từ các Shop khác nhau,Đã tồn tại,,,,,,Others
260708662R32KC,Đang chờ xử lý,237212693254022,2026-07-08 19:24:55,,2026-07-08 19:16:03,DN888 Living Store,1387634827,Preferred(Non-CB),45910150290,"Quạt cầm tay S1 Mini tốc độ cao, 100 mức gió, pin 1800mAh làm mát nhanh, quạt tích điện S1 Mini Thiết Kế Đẹp Tiện Dụng.",307599222991,Normal Product,,Điện Thoại & Phụ Kiện,Phụ kiện,Quạt USB & Quạt điện thoại,61999,1,Shopee Comm,,47364,,3.50%,1657.74,0.00%,0,1657.74,1657.74,0,1657.74,,0,0.00%,0,100.00%,1657.74,Đang chờ xử lý,"Trạng thái của sản phẩm đang chờ xử lý, hoa hồng sẽ chỉ được thanh toán khi nó được hoàn thành",Đơn hàng từ các Shop khác nhau,Đã tồn tại,,,,,,TikTok
2607085V2D0NEP,Đang chờ xử lý,237201944226407,2026-07-08 16:25:44,,2026-07-05 08:19:56,MoonBook- Top 1 sách luyện thi,172171368,Shopee Mall(Non-CB),22456155932,"Sách toán lớp 8 chương trình mới, sách ID tự học toán 8 bộ Kết Nối Tri Thức cho 2k13 Moonbook",232072656615,Normal Product,,Sách & Tạp Chí,Sách,Sách Giáo Dục,139000,1,Shopee Comm,,118150,,3.50%,4135.25,0.00%,0,4135.25,4135.25,0,4135.25,,0,0.00%,0,100.00%,4135.25,Đang chờ xử lý,"Trạng thái của sản phẩm đang chờ xử lý, hoa hồng sẽ chỉ được thanh toán khi nó được hoàn thành",Đơn hàng từ cùng một Shop,Đã tồn tại,,,,,,Websites
2607085UBJG0BQ,Đang chờ xử lý,237201178211862,2026-07-08 16:12:59,,2026-07-07 15:20:35,Meme Co,152006873,Preferred(Non-CB),19250701283,"Set gương lược chải tóc tạo kiểu hình hộp , họa tiết hoạt hình Cutee",241893411328,Normal Product,,Sắc Đẹp,Dụng cụ làm đẹp,Dụng cụ chăm sóc tóc,17990,1,Shopee Comm,,0,,3.50%,0,0.00%,0,0,0,0,0,,0,0.00%,0,100.00%,0,Đang chờ xử lý,"Trạng thái của sản phẩm đang chờ xử lý, hoa hồng sẽ chỉ được thanh toán khi nó được hoàn thành",Đơn hàng từ các Shop khác nhau,Đã tồn tại,,,,,,Others
2607085QEPNBTA,Đang chờ xử lý,237196988289094,2026-07-08 15:03:07,,2026-07-07 00:20:32,lolichang_store,440178901,C2C(Non-CB),40921344622,Ví mini nữ nhỏ gọn cầm tay. Ví nữ mini nhiều ngăn họa tiết dễ thương thiết kế nhỏ gọn tiện dụng,253988034973,Normal Product,,Túi Ví Nữ,Ví dự tiệc & Ví cầm tay,,59000,2,Shopee Comm,,103840,,3.50%,3634.4,0.00%,0,3634.4,3634.4,0,3634.4,,0,0.00%,0,100.00%,3634.4,Đang chờ xử lý,"Trạng thái của sản phẩm đang chờ xử lý, hoa hồng sẽ chỉ được thanh toán khi nó được hoàn thành",Đơn hàng từ các Shop khác nhau,Đã tồn tại,,,,,,Others
26070854100QAR,Đang chờ xử lý,237176127239981,2026-07-08 09:15:28,,2026-07-07 19:17:35,Kềm Nghĩa Official Store,112790091,Shopee Mall(Non-CB),5141790977,Cây Lấy Khóe Đầu Cong Inox Kềm Nghĩa LKC,40253803992,Normal Product,,Sắc Đẹp,"Chăm sóc tay, chân & móng",Chăm sóc móng,7000,1,Shopee Comm,,6020,,3.50%,210.7,0.00%,0,210.7,3010,0,3010,,0,0.00%,0,100.00%,3010,Đang chờ xử lý,"Trạng thái của sản phẩm đang chờ xử lý, hoa hồng sẽ chỉ được thanh toán khi nó được hoàn thành",Đơn hàng từ các Shop khác nhau,Đã tồn tại,,,,,,Zalo
26070854100QAR,Đang chờ xử lý,237176127239981,2026-07-08 09:15:28,,2026-07-07 19:17:35,Kềm Nghĩa Official Store,112790091,Shopee Mall(Non-CB),2266218522,Kềm Cắt Da Thép Chuyên Dụng Mạ Mờ Không Bám Vân Tay Kềm Nghĩa D.401,32121319029,Normal Product,,Sắc Đẹp,"Chăm sóc tay, chân & móng",Chăm sóc móng,75000,1,Shopee Comm,,64500,,3.50%,2257.5,0.00%,0,2257.5,0,0,0,,0,0.00%,0,100.00%,0,Đang chờ xử lý,"Trạng thái của sản phẩm đang chờ xử lý, hoa hồng sẽ chỉ được thanh toán khi nó được hoàn thành",Đơn hàng từ các Shop khác nhau,Đã tồn tại,,,,,,Zalo
26070854100QAR,Đang chờ xử lý,237176127239981,2026-07-08 09:15:28,,2026-07-07 19:17:35,Kềm Nghĩa Official Store,112790091,Shopee Mall(Non-CB),2266218696,Nhíp Nhổ Lông Mày Đầu Xéo Inox Kềm Nghĩa N.402,52121346630,Normal Product,,Sắc Đẹp,Dụng cụ làm đẹp,Dụng cụ tẩy lông,18000,1,Shopee Comm,,15480,,3.50%,541.8,0.00%,0,541.8,0,0,0,,0,0.00%,0,100.00%,0,Đang chờ xử lý,"Trạng thái của sản phẩm đang chờ xử lý, hoa hồng sẽ chỉ được thanh toán khi nó được hoàn thành",Đơn hàng từ các Shop khác nhau,Đã tồn tại,,,,,,Zalo
260708537BUUPQ,Đang chờ xử lý,237175267243387,2026-07-08 09:01:07,,2026-07-07 20:56:53,Lyanwn,53721393,Preferred(Non-CB),22920389003,Bút bi  mực gel trắng cute muji 0.5mm nút bấm nắp cài đơn giản dành cho học sinh Viết Trơn Ra Đều Bấm Nút,49244398145,Normal Product,,Văn Phòng Phẩm,Bút Các Loại,Bút & Mực,10000,1,Shopee Comm,,0,,3.50%,0,0.00%,0,0,0,0,0,,0,0.00%,0,100.00%,0,Đang chờ xử lý,"Trạng thái của sản phẩm đang chờ xử lý, hoa hồng sẽ chỉ được thanh toán khi nó được hoàn thành",Đơn hàng từ các Shop khác nhau,Đã tồn tại,,,,,,Others
2607084DNF8U4P,Đang chờ xử lý,237152118259116,2026-07-08 02:35:20,,2026-07-08 00:50:46,gohomebedding_2,166349269,C2C(Non-CB),2824620990,Ruột gối ôm bông hạt Việt Nam cao cấp bông trắng rất êm ái,275194013784,Normal Product,,Nhà cửa & Đời sống,Chăn ga gối nệm,"Ga trải giường, vỏ gối",58800,1,Shopee Comm,,58800,,3.50%,2058,0.00%,0,2058,2758,0,2758,,0,0.00%,0,100.00%,2758,Đang chờ xử lý,"Trạng thái của sản phẩm đang chờ xử lý, hoa hồng sẽ chỉ được thanh toán khi nó được hoàn thành",Đơn hàng từ các Shop khác nhau,Đã tồn tại,,,,,,Websites
2607084DNF8U4P,Đang chờ xử lý,237152118259116,2026-07-08 02:35:20,,2026-07-08 00:50:46,gohomebedding_2,166349269,C2C(Non-CB),26984992029,"Vỏ Ôm Cotton Đũi Hoạ Tiết kẻ caro , Áo Gối Ôm Kích Thước 35x100cm Màu Kẻ caro Hoạ Tiết hàng loại 1",129350067666,Normal Product,,Nhà cửa & Đời sống,Chăn ga gối nệm,"Ga trải giường, vỏ gối",20000,1,Shopee Comm,,20000,,3.50%,700,0.00%,0,700,0,0,0,,0,0.00%,0,100.00%,0,Đang chờ xử lý,"Trạng thái của sản phẩm đang chờ xử lý, hoa hồng sẽ chỉ được thanh toán khi nó được hoàn thành",Đơn hàng từ các Shop khác nhau,Đã tồn tại,,,,,,Websites
26070844UWUT12,Đang chờ xử lý,237142671216453,2026-07-07 23:57:51,,2026-07-04 21:21:46,KHUYẾN MÃI 247,125737325,Preferred(Non-CB),14769349175,MSG 275 Bút bi giá rẻ tiện lợi ( bán lẻ 1 cây ) ❖tùy chọn màu❖- BSL- S2363,287649610596,Normal Product,,Văn Phòng Phẩm,Bút Các Loại,Bút & Mực,12450,1,Shopee Comm,,6250,,3.50%,218.75,0.00%,0,218.75,218.75,0,218.75,,0,0.00%,0,100.00%,218.75,Đang chờ xử lý,"Trạng thái của sản phẩm đang chờ xử lý, hoa hồng sẽ chỉ được thanh toán khi nó được hoàn thành",Đơn hàng từ các Shop khác nhau,Đã tồn tại,,,,,,Google Search
260707411E8H59,Đang chờ xử lý,237138561207884,2026-07-07 22:49:21,,2026-07-07 13:19:16,MỸ PHẨM_CHÍNH HÃNG GIÁ XƯỞNG,1832674737,C2C(Non-CB),50161266679,Kem Chống Nắng Chiết Xuất Rau Má Skin1004 Madagascar Centella Air-Fit Suncream SPF50+ PA++++ 50ml,380997556106,Normal Product,,Sắc Đẹp,Chăm sóc da mặt,Kem chống nắng cho mặt,100000,1,Shopee Comm,,100000,,3.50%,3500,0.00%,0,3500,3500,0,3500,,0,0.00%,0,100.00%,3500,Đang chờ xử lý,"Trạng thái của sản phẩm đang chờ xử lý, hoa hồng sẽ chỉ được thanh toán khi nó được hoàn thành",Đơn hàng từ các Shop khác nhau,Đã tồn tại,,,,,,EdgeBrowser
2607073UJ2WFUK,Đang chờ xử lý,237132677285131,2026-07-07 21:11:16,,2026-07-07 19:15:25,Chew Berry,711707322,Preferred(Non-CB),26381207257,Áo Phông Thun Form rộng Cậu Bé Bút chì shin sticker nam nữ,119448495300,Normal Product,,Thời Trang Nữ,Áo,Áo thun,38798,1,XTRA Comm,,28798,,3.50%,1007.93,1.00%,287.98,1295.91,1007.93,287.98,1295.91,,0,0.00%,0,100.00%,1295.91,Đang chờ xử lý,"Trạng thái của sản phẩm đang chờ xử lý, hoa hồng sẽ chỉ được thanh toán khi nó được hoàn thành",Đơn hàng từ các Shop khác nhau,Đã tồn tại,,,,,,Others
2607073TMDXXM3,Đang chờ xử lý,237131682231780,2026-07-07 20:54:42,,2026-07-03 15:42:05,DORII CARE,175572825,Preferred(Non-CB),25320331875,Tinh chất LaBonita B5 hỗ trợ phục hồi làm dịu da Panthenol Repair Ampoule 50ml tặng khăn ướt,245522247568,Normal Product,,Sắc Đẹp,Chăm sóc da mặt,Tinh chất dưỡng,335000,1,Shopee Comm,,249400,,3.50%,8729,0.00%,0,8729,8729,0,8729,,0,0.00%,0,100.00%,8729,Đang chờ xử lý,"Trạng thái của sản phẩm đang chờ xử lý, hoa hồng sẽ chỉ được thanh toán khi nó được hoàn thành",Đơn hàng từ các Shop khác nhau,Đã tồn tại,,,,,,Others
2607073T1P2XGH,Đang chờ xử lý,237131053220376,2026-07-07 20:44:13,,2026-07-03 20:04:08,LASHE | PURITÉ | ÔLIV,779659055,Shopee Mall(Non-CB),28550194849,Combo 2 Dầu Tắm Ôliv 3X Dưỡng Ẩm/ Dưỡng Sáng Da 1L và 250ML,272054145271,Normal Product,477125040226669_0_0,Sắc Đẹp,Tắm & chăm sóc cơ thể,Xà phòng & sữa tắm,307000,1,Shopee Comm,,239460,,3.50%,8381.1,0.00%,0,8381.1,8381.1,0,8381.1,,0,0.00%,0,100.00%,8381.1,Đang chờ xử lý,"Trạng thái của sản phẩm đang chờ xử lý, hoa hồng sẽ chỉ được thanh toán khi nó được hoàn thành",Đơn hàng từ các Shop khác nhau,Đã tồn tại,,,,,,Websites
2607073T1P2XGH,Đang chờ xử lý,237131053220376,2026-07-07 20:44:13,,2026-07-03 20:04:08,LASHE | PURITÉ | ÔLIV,779659055,Shopee Mall(Non-CB),41021072073,[Hàng Tặng Không Bán] Dầu Tắm Ôliv Dưỡng Ẩm Sáng Da 60ML,243946764663,Normal Product,477125040226669_0_0,Sắc Đẹp,Tắm & chăm sóc cơ thể,Xà phòng & sữa tắm,0,1,Shopee Comm,,0,,3.50%,0,0.00%,0,0,0,0,0,,0,0.00%,0,100.00%,0,Đang chờ xử lý,"Trạng thái của sản phẩm đang chờ xử lý, hoa hồng sẽ chỉ được thanh toán khi nó được hoàn thành",Đơn hàng từ các Shop khác nhau,Đã tồn tại,,,,,,Websites
2607073T1P2XGH,Đang chờ xử lý,237131053220376,2026-07-07 20:44:13,,2026-07-03 20:04:08,LASHE | PURITÉ | ÔLIV,779659055,Shopee Mall(Non-CB),55310138554,[Hàng Tặng Không Bán] Túi đựng mỹ phẩm sọc vàng Ôliv,262600551638,Normal Product,477125040226669_0_0,Sắc Đẹp,Dụng cụ làm đẹp,Dụng cụ trang điểm,0,1,Shopee Comm,,0,,3.50%,0,0.00%,0,0,0,0,0,,0,0.00%,0,100.00%,0,Đang chờ xử lý,"Trạng thái của sản phẩm đang chờ xử lý, hoa hồng sẽ chỉ được thanh toán khi nó được hoàn thành",Đơn hàng từ các Shop khác nhau,Đã tồn tại,,,,,,Websites
2607073T1P2XGH,Đang chờ xử lý,237131053220376,2026-07-07 20:44:13,,2026-07-03 20:04:08,LASHE | PURITÉ | ÔLIV,779659055,Shopee Mall(Non-CB),26908565219,[Hàng Tặng Không Bán] Túi Sữa Tắm Oliv Dưỡng Ẩm Sáng Da 350ML,233127143754,Normal Product,477125040226669_0_0,Sắc Đẹp,Tắm & chăm sóc cơ thể,Xà phòng & sữa tắm,0,1,Shopee Comm,,0,,3.50%,0,0.00%,0,0,0,0,0,,0,0.00%,0,100.00%,0,Đang chờ xử lý,"Trạng thái của sản phẩm đang chờ xử lý, hoa hồng sẽ chỉ được thanh toán khi nó được hoàn thành",Đơn hàng từ các Shop khác nhau,Đã tồn tại,,,,,,Websites
2607073SCH091K,Đang chờ xử lý,237130343244239,2026-07-07 20:32:23,,2026-07-07 10:11:10,Gia Dung FMC,501438149,Preferred(Non-CB),20177059078,"Cây gạt nước sàn nhà cao cấp, bàn gạt vệ sinh kính đa năng lưỡi chổi bằng silicone mềm dẻo 52cm",184113226799,Normal Product,,Nhà cửa & Đời sống,Dụng cụ chăm sóc nhà cửa,Cây lau nhà,55000,1,Ưu đãi do người bán mời,,45100,,0.00%,0,8.00%,3608,3608,0,3608,3608,,0,0.00%,0,100.00%,3608,Đang chờ xử lý,"Trạng thái của sản phẩm đang chờ xử lý, hoa hồng sẽ chỉ được thanh toán khi nó được hoàn thành",Đơn hàng từ cùng một Shop,Đã tồn tại,,,,,,Shopeevideo-Shopee
2607073M8EYQG5,Đang chờ xử lý,237124838204268,2026-07-07 19:00:39,,2026-07-06 11:14:39,L'Oreal Paris Official Store,37251933,Shopee Mall(Non-CB),54757301415,[MỚI] Kem Dưỡng Sáng Da Đột Phá [MelasylTM] Làm Mờ Thâm Nám Glycolic-Bright Matte Luminizing Cream L’Oréal Paris 50ml,272459905798,Normal Product,478185569992802_0_0,Sắc Đẹp,Chăm sóc da mặt,Kem dưỡng ẩm,348999,1,Shopee Comm,,207557,,3.50%,7264.495,0.00%,0,7264.495,7264.495,0,7264.495,,0,0.00%,0,100.00%,7264.495,Đang chờ xử lý,"Trạng thái của sản phẩm đang chờ xử lý, hoa hồng sẽ chỉ được thanh toán khi nó được hoàn thành",Đơn hàng từ các Shop khác nhau,Đã tồn tại,,,,,,Others
2607073M8EYQG5,Đang chờ xử lý,237124838204268,2026-07-07 19:00:39,,2026-07-06 11:14:39,L'Oreal Paris Official Store,37251933,Shopee Mall(Non-CB),18950954164,[Quà tặng không bán] Nước làm sạch và tẩy trang giúp căng mịn da L'Oreal Paris Pure Revitalift Hyaluronic Acid 95ml,192566890762,Normal Product,478185569992802_0_0,Sắc Đẹp,Trang điểm,Tẩy trang,0,1,Shopee Comm,,0,,3.50%,0,0.00%,0,0,0,0,0,,0,0.00%,0,100.00%,0,Đang chờ xử lý,"Trạng thái của sản phẩm đang chờ xử lý, hoa hồng sẽ chỉ được thanh toán khi nó được hoàn thành",Đơn hàng từ các Shop khác nhau,Đã tồn tại,,,,,,Others
2607073JPFQ0A7,Đang chờ xử lý,237123161242931,2026-07-07 18:32:42,,2026-07-05 16:37:20,MoonBook- Top 1 sách luyện thi,172171368,Shopee Mall(Non-CB),46750605600,Sách Tự học Từ vựng Tiếng Anh - Word Formation - Moonbook,395050356725,Normal Product,,Sách & Tạp Chí,Sách,Sách Học Ngoại Ngữ & Từ Điển,134000,1,Shopee Comm,,102900,,3.50%,3601.5,0.00%,0,3601.5,3601.5,0,3601.5,,0,0.00%,0,100.00%,3601.5,Đang chờ xử lý,"Trạng thái của sản phẩm đang chờ xử lý, hoa hồng sẽ chỉ được thanh toán khi nó được hoàn thành",Đơn hàng từ cùng một Shop,Đã tồn tại,,,,,,TikTok
26070739QW4GQG,Đang chờ xử lý,237113545208496,2026-07-07 15:52:26,,2026-07-05 11:13:21,Thiên Long Official Store,101480242,Shopee Mall(Non-CB),21193760161,"Combo 5/10/20 Bút bi Thiên Long Pro 027 TL-105 - 3 màu mực, thân bút pastel thời trang, phù hợp cho học sinh, sinh viên",207075788365,Normal Product,,Văn Phòng Phẩm,Bút Các Loại,Bút & Mực,26000,1,Shopee Comm,,3400,,3.50%,119,0.00%,0,119,119,0,119,,0,0.00%,0,100.00%,119,Đang chờ xử lý,"Trạng thái của sản phẩm đang chờ xử lý, hoa hồng sẽ chỉ được thanh toán khi nó được hoàn thành",Đơn hàng từ các Shop khác nhau,Đã tồn tại,,,,,,Others
26070738EYR1BU,Đang chờ xử lý,237112172209577,2026-07-07 15:29:33,,2026-07-06 09:59:10,H2C Shop,170164524,Preferred(Non-CB),43908661797,"Dao cạo nữ, dao cạo bikini H2C Gentlesilk đầu bơ venus spa 6 lưỡi siêu cao cấp có che tên",285729302535,Normal Product,,Sắc Đẹp,Chăm sóc nam giới,Sản phẩm cạo râu & hớt tóc,73000,1,Shopee Comm,,50399,,3.50%,1763.965,0.00%,0,1763.965,1763.965,0,1763.965,,0,0.00%,0,100.00%,1763.965,Đang chờ xử lý,"Trạng thái của sản phẩm đang chờ xử lý, hoa hồng sẽ chỉ được thanh toán khi nó được hoàn thành",Đơn hàng từ các Shop khác nhau,Đã tồn tại,,,,,,Others
26070735F109Q5,Đang chờ xử lý,237108952297254,2026-07-07 14:35:52,,2026-07-06 13:31:39,Sắc Màu Việt-5,1602012464,C2C(CB),41519373901,"Kem hỗ trợ làm mờ sẹo lồi, sẹo phì đại và sẹo mụn lâu dài",296852413965,Normal Product,,Sức Khỏe,Chăm sóc cá nhân,Khác,160000,1,Shopee Comm,,117000,,3.50%,4095,0.00%,0,4095,4095,0,4095,,0,0.00%,0,100.00%,4095,Đang chờ xử lý,"Trạng thái của sản phẩm đang chờ xử lý, hoa hồng sẽ chỉ được thanh toán khi nó được hoàn thành",Đơn hàng từ các Shop khác nhau,Đã tồn tại,,,,,,TikTok
26070735C3HJD9,Hoàn thành,237108854298991,2026-07-07 14:34:14,2026-07-08 16:03:43,2026-07-02 11:33:42,Trung Nguyên Legend  Cafe  ,329513577,Preferred(Non-CB),16665044410,"Cà Phê Hòa Tan G7 Trung Nguyên – G7 Đen – Hộp 15 Gói – Cà Phê Đen Thuần, Không Đường, Vị Mạnh",135664543998,Normal Product,,Thực phẩm và đồ uống,Đồ uống,Cà phê,36900,1,Shopee Comm,,32253,,3.50%,1128.855,0.00%,0,1128.855,1128.855,0,1128.855,,0,0.00%,0,100.00%,1128.855,Hoàn thành,,Đơn hàng từ các Shop khác nhau,Đã tồn tại,,,,,,Zalo
26070732HM4XHV,Đang chờ xử lý,237105818253651,2026-07-07 13:43:39,,2026-07-06 07:58:44,BÉ GẤU🐼_SHOP89,1025409744,Preferred(Non-CB),25242645867,Băng Vệ Sinh quần ENJOY size M-2XL 30-80kg [ Có che tên sản phẩm],355705439111,Normal Product,,Sức Khỏe,Chăm sóc cá nhân,Chăm sóc phụ nữ,129000,1,Shopee Comm,,108360,,3.50%,3792.6,0.00%,0,3792.6,3792.6,0,3792.6,,0,0.00%,0,100.00%,3792.6,Đang chờ xử lý,"Trạng thái của sản phẩm đang chờ xử lý, hoa hồng sẽ chỉ được thanh toán khi nó được hoàn thành",Đơn hàng từ các Shop khác nhau,Đã tồn tại,,,,,,Websites
2607072YKN7FJM,Đang chờ xử lý,237102665277378,2026-07-07 12:51:05,,2026-07-04 12:26:20,Natoli Official Store,515748887,Shopee Mall(Non-CB),25932549239,"Balo nữ thời trang gấu bông NATOLI cute, hàn quốc, đi học, nhiều ngăn Dreamy Teddy Bear School Backpack B16",271849415802,Normal Product,,Túi Ví Nữ,Ba lô,,349000,1,Shopee Comm,,263200,,3.50%,9212,0.00%,0,9212,9212,0,9212,,0,0.00%,0,100.00%,9212,Đang chờ xử lý,"Trạng thái của sản phẩm đang chờ xử lý, hoa hồng sẽ chỉ được thanh toán khi nó được hoàn thành",Đơn hàng từ các Shop khác nhau,Đã tồn tại,,,,,,Zalo
2607072UTAU7RJ,Đang chờ xử lý,237098594291520,2026-07-07 11:43:14,,2026-07-06 06:53:58,DANYCASE Local Store,1001973929,Shopee Mall(CB),25910721814,Ốp Lật Cho Samsung Galaxy Tab S11 A9 8.7 S10 FE 10.9 S10 Lite 10.9 A11 Plus S6 Lite 10.4 Inch A9 Plus S9 FE S8 S7 11 Inch A8 A7 ,380479887735,Normal Product,,Điện Thoại & Phụ Kiện,Phụ kiện,"Vỏ bao, Ốp lưng & Miếng dán",35000,1,Shopee Comm,,35000,,3.50%,1225,0.00%,0,1225,1225,0,1225,,0,0.00%,0,100.00%,1225,Đang chờ xử lý,"Trạng thái của sản phẩm đang chờ xử lý, hoa hồng sẽ chỉ được thanh toán khi nó được hoàn thành",Đơn hàng từ các Shop khác nhau,Đã tồn tại,,,,,,Others
2607072UCVP2RK,Đang chờ xử lý,237098143244804,2026-07-07 11:35:43,,2026-07-01 16:31:37,lovelyhome005.vn,178706384,Preferred(CB),26683757785,4 / 6 / 9 / 1 Cái Đàn Hồi Trong Suốt Xoắn Ốc Tóc Dây Đuôi Ngựa Tóc Vòng Cao Su Mũ Đội Đầu,216001084539,Normal Product,,Phụ Kiện Thời Trang,Phụ kiện tóc,Đồ buộc tóc & Nơ,9499,1,Shopee Comm,,0,,3.50%,0,0.00%,0,0,0,0,0,,0,0.00%,0,100.00%,0,Đang chờ xử lý,"Trạng thái của sản phẩm đang chờ xử lý, hoa hồng sẽ chỉ được thanh toán khi nó được hoàn thành",Đơn hàng từ các Shop khác nhau,Đã tồn tại,,,,,,Websites
2607072D2YFX0M,Đang chờ xử lý,237082778258124,2026-07-07 07:19:40,,2026-07-06 18:12:52,myiwatch.vn,346210026,Preferred(CB),23740318924,Ốp Da Họa Tiết Lychee Cao Cấp Cho iPhone 17 Pro Max 16 15 14 13 12 11 Pro Max 14 15 16 Plus Bảo Vệ Chống Rơi Bao,184242999377,Normal Product,,Điện Thoại & Phụ Kiện,Phụ kiện,"Vỏ bao, Ốp lưng & Miếng dán",102352,1,Shopee Comm,,64281,,3.50%,2249.835,0.00%,0,2249.835,2249.835,0,2249.835,,0,0.00%,0,100.00%,2249.835,Đang chờ xử lý,"Trạng thái của sản phẩm đang chờ xử lý, hoa hồng sẽ chỉ được thanh toán khi nó được hoàn thành",Đơn hàng từ các Shop khác nhau,Đã tồn tại,,,,,,Websites
2607072D2XH38E,Hoàn thành,237082777243979,2026-07-07 07:19:37,2026-07-08 17:53:52,2026-07-03 23:28:43,JSAYU,1199011750,Preferred(Non-CB),25139265025,🏵️🏵️Bàn Sáng Tạo Móc Bên Đấm Miễn Phí Bàn Móc Bên Sinh Viên Treo Túi Móc,218048293258,Normal Product,,Nhà cửa & Đời sống,Sắp xếp nhà cửa,Móc treo,3300,1,Shopee Comm,,2805,,3.50%,98.175,0.00%,0,98.175,98.175,0,98.175,,0,0.00%,0,100.00%,98.175,Hoàn thành,,Đơn hàng từ các Shop khác nhau,Đã tồn tại,,,,,,Websites
2607072D05TEQX,Đang chờ xử lý,237082684238212,2026-07-07 07:18:05,,2026-07-07 06:55:29,Pochita Shop,988766468,Preferred(Non-CB),24293834763,"[MẪU MỚI] Combo 5/10 Vở Kẻ Ngang ClassMate, Mondez 80/120 Trang Tập Kẻ Ngang B5 Giấy Dày Vở Ghi Chép",316007778018,Normal Product,,Văn Phòng Phẩm,Sổ & Giấy Các Loại,"Tập, Vở Các Loại",60000,1,XTRA Comm,,50800,,3.50%,1778,2.00%,1016,2794,4282.95,2318.75,6601.7,,0,0.00%,0,100.00%,6601.7,Đang chờ xử lý,"Trạng thái của sản phẩm đang chờ xử lý, hoa hồng sẽ chỉ được thanh toán khi nó được hoàn thành",Đơn hàng từ các Shop khác nhau,Đã tồn tại,,,,,,Others
2607072D05TEQX,Đang chờ xử lý,237082684238212,2026-07-07 07:18:05,,2026-07-07 06:55:29,Pochita Shop,988766468,Preferred(Non-CB),25412376029,"Vở Kẻ Ngang Có Chấm The Moment 80/120/200 Trang, Vở Viết Thiết Kế Bìa Chống Nước NB5-0203/0204/0205",275683993998,Normal Product,,Văn Phòng Phẩm,Sổ & Giấy Các Loại,"Tập, Vở Các Loại",57500,1,XTRA Comm,,48650,,3.50%,1702.75,1.50%,729.75,2432.5,0,0,0,,0,0.00%,0,100.00%,0,Đang chờ xử lý,"Trạng thái của sản phẩm đang chờ xử lý, hoa hồng sẽ chỉ được thanh toán khi nó được hoàn thành",Đơn hàng từ các Shop khác nhau,Đã tồn tại,,,,,,Others
2607072D05TEQX,Đang chờ xử lý,237082684238212,2026-07-07 07:18:05,,2026-07-07 06:55:29,Pochita Shop,988766468,Preferred(Non-CB),45558830053,"[Giảm 3K] Vở Kẻ Ngang B5 BankMee Classmate 80/120/200 Trang, Bìa Dày Chống Nước Giấy 70gsm Chống Lóa Ăn Mực",208844657114,Normal Product,,Văn Phòng Phẩm,Sổ & Giấy Các Loại,"Tập, Vở Các Loại",30000,1,XTRA Comm,,22920,,3.50%,802.2,2.50%,573,1375.2,0,0,0,,0,0.00%,0,100.00%,0,Đang chờ xử lý,"Trạng thái của sản phẩm đang chờ xử lý, hoa hồng sẽ chỉ được thanh toán khi nó được hoàn thành",Đơn hàng từ các Shop khác nhau,Đã tồn tại,,,,,,Others
2607071W6JQ20G,Đang chờ xử lý,237065719204550,2026-07-07 02:35:20,,2026-07-05 21:59:10,D.HOUSE 98,1022195217,Preferred(Non-CB),47058737833,"Quần jean dáng y2k, Quần jean 2 màu cạp thấp tạo độ thắt eo cá tính D.house",287535838843,Normal Product,,Thời Trang Nữ,Quần jeans,,139950,1,Shopee Comm,,110085,,3.50%,3852.975,0.00%,0,3852.975,3852.975,0,3852.975,,0,0.00%,0,100.00%,3852.975,Đang chờ xử lý,"Trạng thái của sản phẩm đang chờ xử lý, hoa hồng sẽ chỉ được thanh toán khi nó được hoàn thành",Đơn hàng từ các Shop khác nhau,Đã tồn tại,,,,,,Others
2607071PP2VD88,Đang chờ xử lý,237058723288114,2026-07-07 00:38:43,,2026-06-30 15:03:41,Congaivn,909350484,Shopee Mall(Non-CB),28766588170,"[ Congaivn ]Chân váy dáng A dài, Eo cao tôn dáng, CV26 Vải tuyết mưa cầu vồng dày, mềm, dễ chịu nữ.",223421762814,Normal Product,,Thời Trang Nữ,Váy,,174000,1,Shopee Comm,,149640,,3.50%,5237.4,0.00%,0,5237.4,5237.4,0,5237.4,,0,0.00%,0,100.00%,5237.4,Đang chờ xử lý,"Trạng thái của sản phẩm đang chờ xử lý, hoa hồng sẽ chỉ được thanh toán khi nó được hoàn thành",Đơn hàng từ các Shop khác nhau,Đã tồn tại,,,,,,Others
2607071MHEJQDT,Đang chờ xử lý,237056420299037,2026-07-07 00:00:20,,2026-06-30 13:09:35,TNQuangChau,1327069302,Preferred(Non-CB),26557533402,GRAFFITI HOẠ TIẾT Sịp đùi Boxer Nam Lụa Băng Thun Lạnh siêu mỏng co dãn 4 Chiều [HOẠ TIẾT] Quần Boxer Menswear,247860757866,Normal Product,,Thời Trang Nam,Đồ lót,Quần lót,70310,1,Shopee Comm,,60467,,3.50%,2116.345,0.00%,0,2116.345,4232.655,0,4232.655,,0,0.00%,0,100.00%,4232.655,Đang chờ xử lý,"Trạng thái của sản phẩm đang chờ xử lý, hoa hồng sẽ chỉ được thanh toán khi nó được hoàn thành",Đơn hàng từ các Shop khác nhau,Đã tồn tại,,,,,,Websites
2607071MHEJQDT,Đang chờ xử lý,237056420299037,2026-07-07 00:00:20,,2026-06-30 13:09:35,TNQuangChau,1327069302,Preferred(Non-CB),26557533402,GRAFFITI HOẠ TIẾT Sịp đùi Boxer Nam Lụa Băng Thun Lạnh siêu mỏng co dãn 4 Chiều [HOẠ TIẾT] Quần Boxer Menswear,247860757870,Normal Product,,Thời Trang Nam,Đồ lót,Quần lót,70310,1,Shopee Comm,,60466,,3.50%,2116.31,0.00%,0,2116.31,0,0,0,,0,0.00%,0,100.00%,0,Đang chờ xử lý,"Trạng thái của sản phẩm đang chờ xử lý, hoa hồng sẽ chỉ được thanh toán khi nó được hoàn thành",Đơn hàng từ các Shop khác nhau,Đã tồn tại,,,,,,Websites
2607061EM4RM0V,Đang chờ xử lý,237050068212694,2026-07-06 22:14:29,,2026-07-06 09:21:05,Ăn Cùng Bà Tuyết,279658061,Preferred(Non-CB),12099310792,[ Tặng 1 phần quà ngẫu nhiên ] 1 hũ đùi gà rong biển nhỏ -ĂN CÙNG BÀ TUYẾT M75,184735495701,Normal Product,,Thực phẩm và đồ uống,Đồ ăn vặt,Khác,36800,1,Shopee Comm,,23920,,3.50%,837.2,0.00%,0,837.2,837.2,0,837.2,,0,0.00%,0,100.00%,837.2,Đang chờ xử lý,"Trạng thái của sản phẩm đang chờ xử lý, hoa hồng sẽ chỉ được thanh toán khi nó được hoàn thành",Đơn hàng từ các Shop khác nhau,Đã tồn tại,,,,,,Others
2607061EM4RM0U,Đang chờ xử lý,237050068212693,2026-07-06 22:14:29,,2026-07-06 09:21:05,Khăn Bông Cao Cấp ,291717098,Preferred(Non-CB),7851027469,"Khăn Tắm Royal Towel 50x100cm Hoặc 60x120cm Sợi Cotton Mềm Mịn, Thấm Hút Tốt, Không Xổ Lông, Không Phai Màu",43703457154,Normal Product,,Nhà cửa & Đời sống,Đồ dùng phòng tắm,"Khăn mặt, khăn tắm, áo choàng tắm",95000,1,Shopee Comm,,61750,,3.50%,2161.25,0.00%,0,2161.25,2161.25,0,2161.25,,0,0.00%,0,100.00%,2161.25,Đang chờ xử lý,"Trạng thái của sản phẩm đang chờ xử lý, hoa hồng sẽ chỉ được thanh toán khi nó được hoàn thành",Đơn hàng từ các Shop khác nhau,Đã tồn tại,,,,,,Others
2607061CGTE02A,Đang chờ xử lý,237047809238748,2026-07-06 21:36:50,,2026-07-05 09:11:10,Deli HCM Official Store,348955539,Shopee Mall(Non-CB),21794569427,[VOUCHER 25K] Giá Kệ Đựng Tài Liệu Deli 4 Ngăn Giá Kệ Đựng Sách Vở Hồ Sơ Giấy Tờ Văn Phòng Phẩm Nhỏ Gọn Tiện Lợi Văn Phò,252615870124,Normal Product,,Văn Phòng Phẩm,Thiết Bị Trường Học,Dụng Cụ Lưu Trữ Giấy Tờ,164000,1,Shopee Comm,,115640,,3.50%,4047.4,0.00%,0,4047.4,4047.4,0,4047.4,,0,0.00%,0,100.00%,4047.4,Đang chờ xử lý,"Trạng thái của sản phẩm đang chờ xử lý, hoa hồng sẽ chỉ được thanh toán khi nó được hoàn thành",Đơn hàng từ các Shop khác nhau,Đã tồn tại,,,,,,Others
2607061B231XRS,Đang chờ xử lý,237046241219415,2026-07-06 21:10:42,,2026-07-01 21:29:32,PN Smart House,533870656,Preferred(Non-CB),47103554639,"Bàn chải rửa mặt silicon, bàn chải tẩy tế bào da chết, làm sạch lỗ chân lông",267279937785,Normal Product,,Sắc Đẹp,Dụng cụ làm đẹp,Dụng cụ chăm sóc da mặt,7500,1,Shopee Comm,,7500,,3.50%,262.5,0.00%,0,262.5,262.5,0,262.5,,0,0.00%,0,100.00%,262.5,Đang chờ xử lý,"Trạng thái của sản phẩm đang chờ xử lý, hoa hồng sẽ chỉ được thanh toán khi nó được hoàn thành",Đơn hàng từ các Shop khác nhau,Đã tồn tại,,,,,,TikTok
26070611VM89TG,Đang chờ xử lý,237036394242212,2026-07-06 18:26:34,,2026-07-01 12:10:23,MoonBook- Top 1 sách luyện thi,172171368,Shopee Mall(Non-CB),28259666988,"Sách Lớp 9 Tổng Ôn Toán học, ngữ văn, tiếng anh, Khoa học tự nhiên sách ôn thi vào 10 cho 2k12 - Moonbook",39808775653,Normal Product,,Sách & Tạp Chí,Sách,Sách Giáo Dục,140000,1,Shopee Comm,,111999,,3.50%,3919.965,0.00%,0,3919.965,11480,0,11480,,0,0.00%,0,100.00%,11480,Đang chờ xử lý,"Trạng thái của sản phẩm đang chờ xử lý, hoa hồng sẽ chỉ được thanh toán khi nó được hoàn thành",Đơn hàng từ cùng một Shop,Đã tồn tại,,,,,,Websites
26070611VM89TG,Đang chờ xử lý,237036394242212,2026-07-06 18:26:34,,2026-07-01 12:10:23,MoonBook- Top 1 sách luyện thi,172171368,Shopee Mall(Non-CB),28259666988,"Sách Lớp 9 Tổng Ôn Toán học, ngữ văn, tiếng anh, Khoa học tự nhiên sách ôn thi vào 10 cho 2k12 - Moonbook",39808775656,Normal Product,,Sách & Tạp Chí,Sách,Sách Giáo Dục,135000,1,Shopee Comm,,108000,,3.50%,3780,0.00%,0,3780,0,0,0,,0,0.00%,0,100.00%,0,Đang chờ xử lý,"Trạng thái của sản phẩm đang chờ xử lý, hoa hồng sẽ chỉ được thanh toán khi nó được hoàn thành",Đơn hàng từ cùng một Shop,Đã tồn tại,,,,,,Websites
26070611VM89TG,Đang chờ xử lý,237036394242212,2026-07-06 18:26:34,,2026-07-01 12:10:23,MoonBook- Top 1 sách luyện thi,172171368,Shopee Mall(Non-CB),28259666988,"Sách Lớp 9 Tổng Ôn Toán học, ngữ văn, tiếng anh, Khoa học tự nhiên sách ôn thi vào 10 cho 2k12 - Moonbook",306497815176,Normal Product,,Sách & Tạp Chí,Sách,Sách Giáo Dục,135000,1,Shopee Comm,,108001,,3.50%,3780.035,0.00%,0,3780.035,0,0,0,,0,0.00%,0,100.00%,0,Đang chờ xử lý,"Trạng thái của sản phẩm đang chờ xử lý, hoa hồng sẽ chỉ được thanh toán khi nó được hoàn thành",Đơn hàng từ cùng một Shop,Đã tồn tại,,,,,,Websites
26070610E2JH9C,Đang chờ xử lý,237034832202288,2026-07-06 18:00:33,,2026-07-06 15:53:12,Obaxua Việt Nam,122194950,Preferred(Non-CB),7033299396,OBAXUA – Bột Gạo Sữa (Bột Cám Gạo) Thiên Nhiên  – Túi 75g/500g/combo3 túi 75g,74026709819,Normal Product,,Sắc Đẹp,Chăm sóc da mặt,Mặt nạ,27000,1,Shopee Comm,,27000,,3.50%,945,0.00%,0,945,945,0,945,,0,0.00%,0,100.00%,945,Đang chờ xử lý,"Trạng thái của sản phẩm đang chờ xử lý, hoa hồng sẽ chỉ được thanh toán khi nó được hoàn thành",Đơn hàng từ các Shop khác nhau,Đã tồn tại,,,,,,TikTok
260706105X94UJ,Đã hủy,237034558261674,2026-07-06 17:56:06,--,2026-07-05 08:19:56,Cia_Nail,1685491601,Preferred(Non-CB),47860927541,"Nailbox, móng tay giả họa tiết sao xinh kết hợp chấm bi nên tay thon thả thích hợp đeo hàng ngày, sinh nhật, sự kiện",307635195712,Normal Product,,Sắc Đẹp,"Chăm sóc tay, chân & móng",Chăm sóc móng,31000,0,Shopee Comm,,0,31000,3.50%,0,0.00%,0,0,0,0,0,,0,0.00%,0,100.00%,0,Đã hủy,Đơn hàng không hợp lệ.,Đơn hàng từ các Shop khác nhau,Đã tồn tại,,,,,,Websites
2607060SCH885M,Đang chờ xử lý,237027264291239,2026-07-06 15:54:24,,2026-07-05 11:47:39,Sovexa Store,1707856771,Shopee Mall(Non-CB),42027652404,Dây Kháng Lực Tập Gym Toàn Thân SOVEXA Dây Trợ Lực Kéo Xà Hỗ Trợ Tăng Cơ Tập Chân Tay Tại Nhà,272299529272,Normal Product,,Thể Thao & Dã Ngoại,Dụng Cụ Thể Thao & Dã Ngoại,Yoga & Pilates,34000,1,Shopee Comm,,24000,,3.50%,840,0.00%,0,840,840,0,840,,0,0.00%,0,100.00%,840,Đang chờ xử lý,"Trạng thái của sản phẩm đang chờ xử lý, hoa hồng sẽ chỉ được thanh toán khi nó được hoàn thành",Đơn hàng từ các Shop khác nhau,Đã tồn tại,,,,,,Others
26070601418AXH,Đang chờ xử lý,237001209281731,2026-07-06 08:40:09,,2026-07-03 18:09:48,hoamyphamht,1833757194,C2C(Non-CB),41081724363,Serum Vaseline Gluta-Hya Dưỡng Da Sáng Mịn Sau 5 Ngày 300ML (bao bì tùy đợt nhập hàng),277699698307,Normal Product,,Sắc Đẹp,Tắm & chăm sóc cơ thể,Kem & sữa dưỡng thể,115000,1,Shopee Comm,,97750,,3.50%,3421.25,0.00%,0,3421.25,3421.25,0,3421.25,,0,0.00%,0,100.00%,3421.25,Đang chờ xử lý,"Trạng thái của sản phẩm đang chờ xử lý, hoa hồng sẽ chỉ được thanh toán khi nó được hoàn thành",Đơn hàng từ các Shop khác nhau,Đã tồn tại,,,,,,TikTok
260706V7D05D0E,Hoàn thành,236970025256195,2026-07-06 00:00:27,2026-07-08 13:22:20,2026-07-05 23:27:23,nlp shop,535670297,Preferred(Non-CB),46653888938,"Móc Khóa '' ĐỒ BỘ VIỆT NAM '' vui nhộn , đáng iuu dùng tặng bạn bè, người thân...treo túi xách , balo... nlp",345368111970,Normal Product,,Sở thích & Sưu tầm,Quà Lưu Niệm,Móc khóa,13038,1,Shopee Comm,,13038,,3.50%,456.33,0.00%,0,456.33,456.33,0,456.33,,0,0.00%,0,100.00%,456.33,Hoàn thành,,Đơn hàng từ các Shop khác nhau,Đã tồn tại,,,,,,Zalo
260705UV11W4SY,Hoàn thành,236957812260390,2026-07-05 20:37:00,2026-07-07 20:44:58,2026-07-04 17:33:38,Zmin store,202289734,Preferred(Non-CB),28127967382,"Balo da đi học nữ thời trang Zmin, đựng vừa laptop 15.6inch, A4 - Z081",195833853645,Normal Product,,Túi Ví Nữ,Ba lô,,309000,1,Shopee Comm,,253380,,3.50%,8868.3,0.00%,0,8868.3,8868.3,0,8868.3,,0,0.00%,0,100.00%,8868.3,Hoàn thành,,Đơn hàng từ các Shop khác nhau,Đã tồn tại,,,,,,Websites
260705UR8FAH01,Đang chờ xử lý,236953767244447,2026-07-05 19:29:27,,2026-07-01 19:14:09,Sam Shop Hà Nội,1700537169,Preferred(Non-CB),51457904197,2026  Mới Retro Thời Trang Kim Loại Hình Bầu Dục Kính Mát Khung Nhỏ Nam / Nữ,315880639546,Normal Product,,Phụ Kiện Thời Trang,Kính mắt,Kính mát,59000,1,Shopee Comm,,51920,,3.50%,1817.2,0.00%,0,1817.2,1817.2,0,1817.2,,0,0.00%,0,100.00%,1817.2,Đang chờ xử lý,"Trạng thái của sản phẩm đang chờ xử lý, hoa hồng sẽ chỉ được thanh toán khi nó được hoàn thành",Đơn hàng từ các Shop khác nhau,Đã tồn tại,,,,,,Websites
260705UQYDCDC1,Đang chờ xử lý,236953463223747,2026-07-05 19:24:23,,2026-07-05 11:15:20,Quần Áo Trẻ Em - Cookie Baby,185109970,C2C(Non-CB),23075790524,ÁO KHOÁC BEAR 2 MÀU DỄ THƯƠNG CHẤT LIỆU TĂM TỔ ONG CHO BÉ TRAI BÉ GÁI,216931256525,Normal Product,,Thời trang trẻ em & trẻ sơ sinh,Quần áo trẻ em,Áo khoác nhẹ,55000,1,Shopee Comm,,35714,,3.50%,1249.99,0.00%,0,1249.99,1249.99,0,1249.99,,0,0.00%,0,100.00%,1249.99,Đang chờ xử lý,"Trạng thái của sản phẩm đang chờ xử lý, hoa hồng sẽ chỉ được thanh toán khi nó được hoàn thành",Đơn hàng từ các Shop khác nhau,Đã tồn tại,,,,,,Others
260705UKKA4VUB,Đang chờ xử lý,236948762213773,2026-07-05 18:06:03,,2026-06-30 22:33:05,Deli Official Store,127805122,Shopee Mall(Non-CB),11463887013,[MUA 3 GIẢM 35%] Bút bi nước mực gel bấm EG118 nhiều màu 0.5mm Deli xinh xắn nhanh khô viết đều nhiều mực,103388195884,Normal Product,,Văn Phòng Phẩm,Bút Các Loại,Bút & Mực,9000,1,Shopee Comm,,819,,3.50%,28.665,0.00%,0,28.665,87.5,0,87.5,,0,0.00%,0,100.00%,87.5,Đang chờ xử lý,"Trạng thái của sản phẩm đang chờ xử lý, hoa hồng sẽ chỉ được thanh toán khi nó được hoàn thành",Đơn hàng từ các Shop khác nhau,Đã tồn tại,,,,,,Facebook
260705UKKA4VUB,Đang chờ xử lý,236948762213773,2026-07-05 18:06:03,,2026-06-30 22:33:05,Deli Official Store,127805122,Shopee Mall(Non-CB),11463887013,[MUA 3 GIẢM 35%] Bút bi nước mực gel bấm EG118 nhiều màu 0.5mm Deli xinh xắn nhanh khô viết đều nhiều mực,103388195886,Normal Product,,Văn Phòng Phẩm,Bút Các Loại,Bút & Mực,9500,1,Shopee Comm,,863,,3.50%,30.205,0.00%,0,30.205,0,0,0,,0,0.00%,0,100.00%,0,Đang chờ xử lý,"Trạng thái của sản phẩm đang chờ xử lý, hoa hồng sẽ chỉ được thanh toán khi nó được hoàn thành",Đơn hàng từ các Shop khác nhau,Đã tồn tại,,,,,,Facebook
260705UKKA4VUB,Đang chờ xử lý,236948762213773,2026-07-05 18:06:03,,2026-06-30 22:33:05,Deli Official Store,127805122,Shopee Mall(Non-CB),11463887013,[MUA 3 GIẢM 35%] Bút bi nước mực gel bấm EG118 nhiều màu 0.5mm Deli xinh xắn nhanh khô viết đều nhiều mực,103388195892,Normal Product,,Văn Phòng Phẩm,Bút Các Loại,Bút & Mực,9000,1,Shopee Comm,,818,,3.50%,28.63,0.00%,0,28.63,0,0,0,,0,0.00%,0,100.00%,0,Đang chờ xử lý,"Trạng thái của sản phẩm đang chờ xử lý, hoa hồng sẽ chỉ được thanh toán khi nó được hoàn thành",Đơn hàng từ các Shop khác nhau,Đã tồn tại,,,,,,Facebook
260705UJ0AEBDF,Hoàn thành,236947051244565,2026-07-05 17:37:31,2026-07-08 15:06:44,2026-07-04 18:27:10,MoonBook- Top 1 sách luyện thi,172171368,Shopee Mall(Non-CB),2968140102,Sách Tiếng anh cho người bắt đầu Moonbook,345815852264,Normal Product,,Sách & Tạp Chí,Sách,Sách Học Ngoại Ngữ & Từ Điển,154000,1,Shopee Comm,,126720,,3.50%,4435.2,0.00%,0,4435.2,4435.2,0,4435.2,,0,0.00%,0,100.00%,4435.2,Hoàn thành,,Đơn hàng từ cùng một Shop,Đã tồn tại,,,,,,Websites
260705UGWDNY6M,Hoàn thành,236945880238229,2026-07-05 17:18:01,2026-07-09 08:57:31,2026-07-04 13:27:26,CALEM.CLUB,10909571,Shopee Mall(Non-CB),23974466868,Calem.Club- Quần Jeans Ống Suông Ver 1 nhiều màu tôn dáng form unisex nam nữ,232817369684,Normal Product,,Thời Trang Nữ,Quần jeans,,195000,1,Shopee Comm,,166050,,3.50%,5811.75,0.00%,0,5811.75,5811.75,0,5811.75,,0,0.00%,0,100.00%,5811.75,Hoàn thành,,Đơn hàng từ các Shop khác nhau,Đã tồn tại,,,,,,TikTok
260705U4TF5TDA,Đang chờ xử lý,236932896235359,2026-07-05 13:41:37,,2026-07-03 18:40:57,MoonBook- Top 1 sách luyện thi,172171368,Shopee Mall(Non-CB),45261499494,Sách Tổng Ôn Toán 9 MoonBook- Sách Ôn Thi Vào Lớp 10  Chương Trình Mới Cho 2K12,356061793961,Normal Product,,Sách & Tạp Chí,Sách,Sách Giáo Dục,145000,1,Shopee Comm,,125000,,3.50%,4375,0.00%,0,4375,4375,0,4375,,0,0.00%,0,100.00%,4375,Đang chờ xử lý,"Trạng thái của sản phẩm đang chờ xử lý, hoa hồng sẽ chỉ được thanh toán khi nó được hoàn thành",Đơn hàng từ cùng một Shop,Đã tồn tại,,,,,,Websites
260705U4D3WAE6,Đang chờ xử lý,236932448211454,2026-07-05 13:34:09,,2026-07-03 18:40:57,MoonBook- Top 1 sách luyện thi,172171368,Shopee Mall(Non-CB),22279172327,Sách Trọng tâm kiến thức ôn thi vào lớp 10  môn Tiếng anh cô Trang Anh Moonbook,257669389918,Normal Product,,Sách & Tạp Chí,Sách,Sách Học Ngoại Ngữ & Từ Điển,150000,1,Shopee Comm,,60000,,3.50%,2100,0.00%,0,2100,2100,0,2100,,0,0.00%,0,100.00%,2100,Đang chờ xử lý,"Trạng thái của sản phẩm đang chờ xử lý, hoa hồng sẽ chỉ được thanh toán khi nó được hoàn thành",Đơn hàng từ cùng một Shop,Mới,,,,,,Websites
260705U0QPED21,Hoàn thành,236928508229440,2026-07-05 12:28:28,2026-07-08 11:47:39,2026-06-28 19:26:38,MISA.VN,1246320956,Preferred(Non-CB),24127904583,Bột trà xanh đắp mặt nguyên chất sấy lạnh 100% hữu cơ hàng loại 1 - MISA,168199380046,Normal Product,,Sắc Đẹp,Chăm sóc da mặt,Mặt nạ,19900,1,Shopee Comm,,8265,,3.50%,289.275,0.00%,0,289.275,289.275,0,289.275,,0,0.00%,0,100.00%,289.275,Hoàn thành,,Đơn hàng từ các Shop khác nhau,Đã tồn tại,,,,,,Websites
260705TPBMK0R2,Đã hủy,236917366216078,2026-07-05 09:22:46,--,2026-07-04 16:39:50,Mỹ Phẩm Dầu Gội Lisa,50356303,Preferred(Non-CB),54054551302,CẶP GỘI XẢ MIKA Cam,440424137374,Normal Product,,Sắc Đẹp,Chăm sóc tóc,Dầu gội,350000,0,Shopee Comm,,0,290000,3.50%,0,0.00%,0,0,0,0,0,,0,0.00%,0,100.00%,0,Đã hủy,Đơn hàng không hợp lệ.,Đơn hàng từ các Shop khác nhau,Đã tồn tại,,,,,,TikTok
260705TMJ6WT7U,Đang chờ xử lý,236915439281846,2026-07-05 08:50:39,,2026-07-03 18:04:44,Ouger chuyên lẻ giá sỉ,971747190,C2C(Non-CB),19377521541,"Tai nghe hộp Paraday chân cắm tròn 3.5mm, giá rẻ mà âm thanh đỉnh cao chất lượng",194143359687,Normal Product,,Thiết Bị Âm Thanh,Tai nghe nhét tai & chụp tai,,14900,1,Shopee Comm,,0,,3.50%,0,0.00%,0,0,0,0,0,,0,0.00%,0,100.00%,0,Đang chờ xử lý,"Trạng thái của sản phẩm đang chờ xử lý, hoa hồng sẽ chỉ được thanh toán khi nó được hoàn thành",Đơn hàng từ các Shop khác nhau,Đã tồn tại,,,,,,Others
260705TM69D1S2,Đang chờ xử lý,236915039227488,2026-07-05 08:43:59,,2026-07-02 09:28:18,Như Uyên Store,300562586,C2C(Non-CB),42811656720,[TẶNG CHAM NƠ ĐÁ]Áo thun trễ vai kẻ sọc chắp vá phong cách Hàn Quốc dành cho nữ mùa hè áo thun ngắn tay mẫu mới hottrend,243709953319,Normal Product,,Thời Trang Nữ,Áo,Áo thun,85500,1,Shopee Comm,,84800,,3.50%,2968,0.00%,0,2968,2968,0,2968,,0,0.00%,0,100.00%,2968,Đang chờ xử lý,"Trạng thái của sản phẩm đang chờ xử lý, hoa hồng sẽ chỉ được thanh toán khi nó được hoàn thành",Đơn hàng từ các Shop khác nhau,Đã tồn tại,,,,,,Others
260705TJTEKVWV,Hoàn thành,236913568298245,2026-07-05 08:19:28,2026-07-06 20:41:00,2026-07-04 09:12:15,rose_b_shop,120544354,C2C(Non-CB),40308271285,"Đồng hồ nữ hiệu máy pin 2hand - Folli Follie tank - size mặt 20x20mm, size tay ~ 15.5cm",285697200066,Normal Product,,Đồng Hồ,Đồng hồ nữ,,569000,1,Shopee Comm,,397700,,3.50%,13919.5,0.00%,0,13919.5,13919.5,0,13919.5,,0,0.00%,0,100.00%,13919.5,Hoàn thành,,Đơn hàng từ các Shop khác nhau,Đã tồn tại,,,,,,Websites
260705TFRY4EAC,Đang chờ xử lý,236910297283755,2026-07-05 07:24:56,,2026-07-05 07:12:44,MoonBook- Top 1 sách luyện thi,172171368,Shopee Mall(Non-CB),2968140102,Sách Tiếng anh cho người bắt đầu Moonbook,345815852264,Normal Product,,Sách & Tạp Chí,Sách,Sách Học Ngoại Ngữ & Từ Điển,154000,1,Shopee Comm,,144000,,3.50%,5040,0.00%,0,5040,5040,0,5040,,0,0.00%,0,100.00%,5040,Đang chờ xử lý,"Trạng thái của sản phẩm đang chờ xử lý, hoa hồng sẽ chỉ được thanh toán khi nó được hoàn thành",Đơn hàng từ cùng một Shop,Đã tồn tại,,,,,,Websites
260705SSA3J75Y,Hoàn thành,236886176292278,2026-07-05 00:42:55,2026-07-08 10:39:16,2026-07-04 13:26:42,MoonBook- Top 1 sách luyện thi,172171368,Shopee Mall(Non-CB),19285025892,Sách tổng ôn Toán 9 tập 1 & 2 Chương trình mới : Sách toán 9 ôn thi vào 10 Cho 2K12 - Moonbook,232110088013,Normal Product,,Sách & Tạp Chí,Sách,Khoa Học - Toán Học,140000,1,Shopee Comm,,117000,,3.50%,4095,0.00%,0,4095,4095,0,4095,,0,0.00%,0,100.00%,4095,Hoàn thành,,Đơn hàng từ cùng một Shop,Đã tồn tại,,,,,,Others
260705SQRJH240,Đang chờ xử lý,236884513261475,2026-07-05 00:15:21,,2026-07-05 00:11:03,Gumivn Official,852834676,Shopee Mall(Non-CB),23585086823,Hộp 200 chiếc khẩu trang 5D  Gumi kháng khuẩn 5D Mask.,108224881026,Normal Product,,Sức Khỏe,Vật tư y tế,Bao tay và khẩu trang y tế,109000,1,Shopee Comm,,86224,,3.50%,3017.84,0.00%,0,3017.84,3017.84,0,3017.84,,0,0.00%,0,100.00%,3017.84,Đang chờ xử lý,"Trạng thái của sản phẩm đang chờ xử lý, hoa hồng sẽ chỉ được thanh toán khi nó được hoàn thành",Đơn hàng từ các Shop khác nhau,Đã tồn tại,,,,,,Websites
260704SJUNEWB6,Đang chờ xử lý,236879249299915,2026-07-04 22:47:29,,2026-07-04 15:52:23,Mỹ Mỹ CASE.vn,1584249698,Preferred(Non-CB),53110478453,ốp lưng iphone  Bền Cho  Iphone 17 Iphone 11 Pro  12 13 14 15 16  7 xs xr Pro Max Plus,310920332940,Normal Product,,Điện Thoại & Phụ Kiện,Phụ kiện,"Vỏ bao, Ốp lưng & Miếng dán",25900,1,Shopee Comm,,25900,,3.50%,906.5,0.00%,0,906.5,906.5,0,906.5,,0,0.00%,0,100.00%,906.5,Đang chờ xử lý,"Trạng thái của sản phẩm đang chờ xử lý, hoa hồng sẽ chỉ được thanh toán khi nó được hoàn thành",Đơn hàng từ các Shop khác nhau,Đã tồn tại,,,,,,Others
260704SG8BX01U,Đang chờ xử lý,236876454286537,2026-07-04 22:00:54,,2026-06-30 11:52:13,Sticker 247,349927411,Preferred(Non-CB),44007408951,"Nhãn Vở Tung Tung Tung Sahur Brainrot 🌈𝑭𝒓𝒆𝒆𝒔𝒉𝒊𝒑 Nhãn Vở, Giấy Nhãn Meme Brainrot Hot Trend, Nhãn Vở Thiết Kế",280628318018,Normal Product,,Văn Phòng Phẩm,Sổ & Giấy Các Loại,Nhãn Dán Các Loại,18900,1,Shopee Comm,,18900,,3.50%,661.5,0.00%,0,661.5,661.5,0,661.5,,0,0.00%,0,100.00%,661.5,Đang chờ xử lý,"Trạng thái của sản phẩm đang chờ xử lý, hoa hồng sẽ chỉ được thanh toán khi nó được hoàn thành",Đơn hàng từ các Shop khác nhau,Đã tồn tại,,,,,,Others
260704SFKYJKV4,Đang chờ xử lý,236875770238479,2026-07-04 21:49:30,,2026-07-04 21:45:19,VUIDEE CARD GAME,1020995806,Preferred(Non-CB),47055195910,Bộ bài MÈO NỔ Việt hóa VUIDEE chơi cùng nhóm bạn - Combo Mèo nổ cơ bản 56 lá và 5 phiên bản mở rộng 100 lá,385474499615,Normal Product,,Sở thích & Sưu tầm,Đồ chơi - Giải trí,Đồ chơi thẻ bài & boardgame,38900,1,Shopee Comm,,7230,,3.50%,253.05,0.00%,0,253.05,253.05,0,253.05,,0,0.00%,0,100.00%,253.05,Đang chờ xử lý,"Trạng thái của sản phẩm đang chờ xử lý, hoa hồng sẽ chỉ được thanh toán khi nó được hoàn thành",Đơn hàng từ các Shop khác nhau,Đã tồn tại,,,,,,Facebook
260704SE46UU8A,Đã hủy,236874166266295,2026-07-04 21:22:54,--,2026-07-01 12:10:23,MoonBook- Top 1 sách luyện thi,172171368,Shopee Mall(Non-CB),43505962850,"Sách Tổng Ôn lớp 9 môn Toán, Văn, Anh, khoa học tự nhiên, combo sách ôn thi vào 10 cho 2k12 - MoonBook",285498878867,Normal Product,,Sách & Tạp Chí,Sách,Sách Giáo Dục,386000,0,Shopee Comm,,0,316120,3.50%,0,0.00%,0,0,0,0,0,,0,0.00%,0,100.00%,0,Đã hủy,Đơn hàng không hợp lệ.,Đơn hàng từ cùng một Shop,Đã tồn tại,,,,,,Websites
260704SE1TH061,Đang chờ xử lý,236874087211461,2026-07-04 21:21:28,,2026-07-04 17:33:03,Nàng Hiểu Bạn - Trang Sức,1488988056,Preferred(Non-CB),57462860425,"Mô Hình Capybara Mecha Không Nam Châm 🤖🐹 Đồ Chơi Lắp Ráp Có Khớp Cử Động, Figure Trang Trí Phong Cách Anime",326114902785,Normal Product,,Sở thích & Sưu tầm,Đồ Sưu Tầm,Mô hình nhân vật,100000,1,XTRA Comm,,97000,,3.50%,3395,4.00%,3880,7275,3395,3880,7275,,0,0.00%,0,100.00%,7275,Đang chờ xử lý,"Trạng thái của sản phẩm đang chờ xử lý, hoa hồng sẽ chỉ được thanh toán khi nó được hoàn thành",Đơn hàng từ các Shop khác nhau,Đã tồn tại,,,,,,Others
260704SB9NKR54,Hoàn thành,236871129279195,2026-07-04 20:32:10,2026-07-08 21:30:38,2026-07-04 07:28:01,TAPHOA1673,96166131,C2C(Non-CB),17598596125,Bọc Sách Khổ A4 KT 210X297mm Ms: 3389 (Túi 10 Tờ),118166257733,Normal Product,,Văn Phòng Phẩm,Sổ & Giấy Các Loại,Bọc Sách,28000,1,Shopee Comm,,28000,,3.50%,980,0.00%,0,980,980,0,980,,0,0.00%,0,100.00%,980,Hoàn thành,,Đơn hàng từ các Shop khác nhau,Đã tồn tại,,,,,,Others
260704S0HCPYY7,Hoàn thành,236859577224429,2026-07-04 17:19:38,2026-07-06 21:02:41,2026-07-04 09:10:59,Deli HCM Official Store,348955539,Shopee Mall(Non-CB),28416094684,Bút Gel Đệm Xốp Deli Ngòi ST 0.5mm Bi Nước Mực Xanh/Đen/Đỏ Viết Trơn Cho Học Sinh Sinh Viên Văn Phòng,226958616565,Normal Product,,Văn Phòng Phẩm,Bút Các Loại,Bút & Mực,30000,1,Shopee Comm,,30000,,3.50%,1050,0.00%,0,1050,1050,0,1050,,0,0.00%,0,100.00%,1050,Hoàn thành,,Đơn hàng từ các Shop khác nhau,Đã tồn tại,,,,,,Others
260704RX1SECQC,Hoàn thành,236856906212811,2026-07-04 16:35:07,2026-07-07 17:35:36,2026-07-03 19:39:10,Abby Đồ Làm Bánh,1263784996,Shopee Mall(Non-CB),52102446099,[ABBY] Set Làm Bánh Crinkle Cookie 3 Vị - Thành phẩm 20-30 bánh/set- Set làm bánh quy tại nhà,395237303415,Normal Product,,Thực phẩm và đồ uống,Đồ làm bánh,Khác,71000,1,Shopee Comm,,10200,,3.50%,357,0.00%,0,357,357,0,357,,0,0.00%,0,100.00%,357,Hoàn thành,,Đơn hàng từ các Shop khác nhau,Mới,,,,,,Others
260704RUDHCTE6,Hoàn thành,236854079201141,2026-07-04 15:48:00,2026-07-08 21:04:55,2026-07-04 00:30:45,TuUyen1998_N2,1541039330,Preferred(Non-CB),51357871310,Yếm jean Ko kèm thun nâu Qcl1[ Sẵn],376000600868,Normal Product,,Thời Trang Nữ,Đồ liền thân,Quần yếm,499000,1,Shopee Comm,,389220,,3.50%,13622.7,0.00%,0,13622.7,13622.7,0,13622.7,,0,0.00%,0,100.00%,13622.7,Hoàn thành,,Đơn hàng từ các Shop khác nhau,Đã tồn tại,,,,,,Websites
260704RPNPGKCG,Hoàn thành,236848984293352,2026-07-04 14:23:04,2026-07-08 16:31:30,2026-07-04 07:54:36,Letit.vn,563541817,Preferred(CB),29551428536,Letit | Túi Đựng Bút / Hộp Đựng Bút/ Hộp Bút / Bóp Viết INS DUDU Vải Canvas Dog Dung Tích Lớn Dễ Thương,207547239769,Normal Product,,Văn Phòng Phẩm,Thiết Bị Trường Học,Hộp Bút,20000,1,Shopee Comm,,0,,3.50%,0,0.00%,0,0,0,0,0,,0,0.00%,0,100.00%,0,Hoàn thành,,Đơn hàng từ các Shop khác nhau,Đã tồn tại,,,,,,Others
260704RMMHPR7B,Đang chờ xử lý,236846798210895,2026-07-04 13:46:38,,2026-06-28 14:09:47,VietClean AutoLab,79306515,C2C(Non-CB),43181357348,"🚗 KHĂN LAU MICROFIBER 2 LỚP CAO CẤP VIETKLEAN AUTOLAB – SIÊU THẤM HÚT, KHÔNG XƠ VẢI, KHÔNG XƯỚC SƠN XE",355999180515,Normal Product,,Phụ tùng & Phụ kiện xe cơ giới,Chăm sóc xe cơ giới,Khăn lau,9797,1,Shopee Comm,,9797,,3.50%,342.895,0.00%,0,342.895,342.895,0,342.895,,0,0.00%,0,100.00%,342.895,Đang chờ xử lý,"Trạng thái của sản phẩm đang chờ xử lý, hoa hồng sẽ chỉ được thanh toán khi nó được hoàn thành",Đơn hàng từ các Shop khác nhau,Đã tồn tại,,,,,,Others
260704R201WT0C,Hoàn thành,236826783228860,2026-07-04 08:13:03,2026-07-05 08:47:05,2026-06-30 08:30:14,Nhà Phân Phối Giá Rẻ,1079637345,Preferred(Non-CB),28700915412,[ Tăng 1 size ] Dép Nam Nữ mã 1185 Quai Ngang Dép Đúc Siêu Bền Nhựa Dẻo Êm Chân Đế Chống Trượt,195125529039,Normal Product,,Giày Dép Nam,Xăng-đan & Dép,Xăng-đan,29500,1,Shopee Comm,,14500,,3.50%,507.5,0.00%,0,507.5,507.5,0,507.5,,0,0.00%,0,100.00%,507.5,Hoàn thành,,Đơn hàng từ các Shop khác nhau,Đã tồn tại,,,,,,Websites
260704QYUYRM5B,Đang chờ xử lý,236824498268490,2026-07-04 07:35:06,,2026-06-29 14:17:30,XƯỞNG MAY OLYO,172246501,C2C(Non-CB),18650206370,Bộ pijama nữ CỘC DÀI cổ ren caro dễ thương nhiều màu - Bộ ngủ tay ngắn hoạ tiết kẻ caro B12CD,243061939788,Normal Product,,Thời Trang Nữ,Đồ ngủ,Pyjama,139000,1,Shopee Comm,,122320,,3.50%,4281.2,0.00%,0,4281.2,4281.2,0,4281.2,,0,0.00%,0,100.00%,4281.2,Đang chờ xử lý,"Trạng thái của sản phẩm đang chờ xử lý, hoa hồng sẽ chỉ được thanh toán khi nó được hoàn thành",Đơn hàng từ các Shop khác nhau,Đã tồn tại,,,,,,Others
260704QUS29V85,Đang chờ xử lý,236820106293576,2026-07-04 06:21:46,,2026-07-04 06:09:18,MoonBook- Top 1 sách luyện thi,172171368,Shopee Mall(Non-CB),2968140102,Sách Tiếng anh cho người bắt đầu Moonbook,345815852264,Normal Product,,Sách & Tạp Chí,Sách,Sách Học Ngoại Ngữ & Từ Điển,164000,1,Shopee Comm,,84000,,3.50%,2940,0.00%,0,2940,2940,0,2940,,0,0.00%,0,100.00%,2940,Đang chờ xử lý,"Trạng thái của sản phẩm đang chờ xử lý, hoa hồng sẽ chỉ được thanh toán khi nó được hoàn thành",Đơn hàng từ cùng một Shop,Mới,,,,,,Websites
260704QS3TQ5NT,Hoàn thành,236817246210103,2026-07-04 05:34:07,2026-07-06 16:02:03,2026-06-30 07:34:59,Classmate Việt Nam,560774951,Shopee Mall(Non-CB),56455891761,Hộp 10 Bút Gel Classmate Bút Nước Bấm Ngòi ST 2 Bi 0.5mm Xanh Đen Nhanh Khô Bút Gel Press Đệm Tay Êm Ái Ghi Chép GP116,336028570129,Normal Product,,Văn Phòng Phẩm,Bút Các Loại,Bút & Mực,33500,2,Shopee Comm,,57963,,3.50%,2028.705,0.00%,0,2028.705,2028.705,0,2028.705,,0,0.00%,0,100.00%,2028.705,Hoàn thành,,Đơn hàng từ các Shop khác nhau,Đã tồn tại,,,,,,Websites
260704Q6S5NW3R,Hoàn thành,236797561257407,2026-07-04 00:06:03,2026-07-08 11:27:48,2026-06-30 13:27:14,Heremi.VPP - Văn phòng phẩm,212205841,Preferred(Non-CB),41524541016,Vòng tay hạt gạo nhiều màu kèm túi đựng xinh xắn – Phụ kiện thời trang học sinh dễ thương,271990490078,Normal Product,,Phụ Kiện Thời Trang,Vòng tay & Lắc tay,,11000,1,Shopee Comm,,1000,,3.50%,35,0.00%,0,35,35,0,35,,0,0.00%,0,100.00%,35,Hoàn thành,,Đơn hàng từ các Shop khác nhau,Đã tồn tại,,,,,,Others
260703PYKAXDXF,Đang chờ xử lý,236789849251178,2026-07-03 21:57:31,,2026-07-03 09:22:17,Marie Japan Store,1250942615,Preferred(Non-CB),27284229278,Bột Cam Thảo Đậu Đỏ Obaxua Dưỡng Trắng Làm Sạch Sâu Mờ Thâm Hiệu Quả Da Sáng Mịn Tự Nhiên - Marie Japan,159145812994,Normal Product,,Sắc Đẹp,Tắm & chăm sóc cơ thể,Mặt nạ ủ cơ thể,30000,1,Shopee Comm,,10000,,3.50%,350,0.00%,0,350,350,0,350,,0,0.00%,0,100.00%,350,Đang chờ xử lý,"Trạng thái của sản phẩm đang chờ xử lý, hoa hồng sẽ chỉ được thanh toán khi nó được hoàn thành",Đơn hàng từ các Shop khác nhau,Đã tồn tại,,,,,,Websites
260703PWB37DSG,Hoàn thành,236787425249538,2026-07-03 21:17:05,2026-07-08 13:50:41,2026-06-30 08:45:58,Huggies Viet Nam,863711032,Shopee Mall(Non-CB),19677214152,Tã/Bỉm Dán Sơ Sinh Huggies Skin Perfect NB/S với 2 Vùng Thấm Giảm Kích Ứng Da,255267582753,Normal Product,,Mẹ & Bé,Tã & bô em bé,Tã dùng một lần,175000,3,Shopee Comm,,430500,,3.50%,15067.5,0.00%,0,15067.5,15067.5,0,15067.5,,0,0.00%,0,100.00%,15067.5,Hoàn thành,,Đơn hàng từ các Shop khác nhau,Đã tồn tại,,,,,,Others
260703PVKY6V1B,Đang chờ xử lý,236786649287675,2026-07-03 21:04:09,,2026-06-27 09:06:54,Marie Japan Store,1250942615,Preferred(Non-CB),41409937593,Bột Tía Tô Đắp Mặt Nạ Obaxua Sạch Sâu Sáng Da Dịu Nhẹ Gói 75g - Marie Japan,260835313161,Normal Product,,Sắc Đẹp,Chăm sóc da mặt,Mặt nạ,23000,1,Shopee Comm,,3000,,3.50%,105,0.00%,0,105,105,0,105,,0,0.00%,0,100.00%,105,Đang chờ xử lý,"Trạng thái của sản phẩm đang chờ xử lý, hoa hồng sẽ chỉ được thanh toán khi nó được hoàn thành",Đơn hàng từ các Shop khác nhau,Đã tồn tại,,,,,,Websites
260703PSH1XGNN,Hoàn thành,236783330267396,2026-07-03 20:08:50,2026-07-08 10:34:38,2026-06-30 21:14:50,Camelia Brand,233235070,Shopee Mall(Non-CB),4718651905,Balo CAMELIA BRAND® Basic Backpack,60827686253,Normal Product,,Túi Ví Nam,Ba lô,,490000,1,Shopee Comm,,318400,,3.50%,11144,0.00%,0,11144,11144,0,11144,,0,0.00%,0,100.00%,11144,Hoàn thành,,Đơn hàng từ các Shop khác nhau,Đã tồn tại,,,,,,Websites
260703PJ2W4J01,Hoàn thành,236775339265555,2026-07-03 17:55:39,2026-07-08 09:20:31,2026-06-28 08:56:55,MoonBook- Top 1 sách luyện thi,172171368,Shopee Mall(Non-CB),17698264647,Sách Lớp 10 Moonbook Toán Lý Hóa Sinh Có ID Video Giải Chi Tiết - Chương Trình mới 2025,221853254326,Normal Product,,Sách & Tạp Chí,Sách,Sách Giáo Dục,145000,1,Shopee Comm,,135000,,3.50%,4725,0.00%,0,4725,4725,0,4725,,0,0.00%,0,100.00%,4725,Hoàn thành,,Đơn hàng từ cùng một Shop,Đã tồn tại,,,,,,Others
260703PFAXSXHJ,Đang chờ xử lý,236772388223522,2026-07-03 17:06:28,,2026-07-03 09:01:43,Mai Anh Đào ,1735299811,C2C(Non-CB),53907425672,Huy Hiệu In Theo Yêu Cầu - Dùng Cài Ba Lô Túi Xách - Ghim Cài Áo - Mai Anh Đào,272465819556,Normal Product,,Phụ Kiện Thời Trang,Phụ kiện thêm,Trâm & Ghim cài áo,15000,1,Shopee Comm,,0,,3.50%,0,0.00%,0,0,0,0,0,,0,0.00%,0,100.00%,0,Đang chờ xử lý,"Trạng thái của sản phẩm đang chờ xử lý, hoa hồng sẽ chỉ được thanh toán khi nó được hoàn thành",Đơn hàng từ các Shop khác nhau,Đã tồn tại,,,,,,Others
260703PF3N6VFM,Hoàn thành,236772143280021,2026-07-03 17:02:23,2026-07-07 19:13:09,2026-07-03 13:34:10,MoonBook- Top 1 sách luyện thi,172171368,Shopee Mall(Non-CB),2968140102,Sách Tiếng anh cho người bắt đầu Moonbook,345815852264,Normal Product,,Sách & Tạp Chí,Sách,Sách Học Ngoại Ngữ & Từ Điển,164000,1,Shopee Comm,,141040,,3.50%,4936.4,0.00%,0,4936.4,4936.4,0,4936.4,,0,0.00%,0,100.00%,4936.4,Hoàn thành,,Đơn hàng từ cùng một Shop,Đã tồn tại,,,,,,Others
260703P68QXVNR,Hoàn thành,236762650266741,2026-07-03 14:24:10,2026-07-08 15:26:00,2026-07-01 14:11:59,THE ROW STUDIO,1324404730,C2C(Non-CB),54359155446,"ROW003 THEROW Áo Thun Boxy Local Brand Tay Ngắn - Tay Dài Cotton 250gsm ""HEAVEN"" Áo Phông Forrm Rộng Kiểu Đẹp Unisex Hè",405810962502,Normal Product,,Thời Trang Nam,Áo,Áo thun,155440,1,Shopee Comm,,124352,,3.50%,4352.32,0.00%,0,4352.32,4352.32,0,4352.32,,0,0.00%,0,100.00%,4352.32,Hoàn thành,,Đơn hàng từ các Shop khác nhau,Đã tồn tại,,,,,,Websites
260703P2GD0KR7,Hoàn thành,236758612250507,2026-07-03 13:16:53,2026-07-07 09:34:45,2026-07-02 15:17:07,Gia Dụng HN,1796900362,C2C(Non-CB),40979923681,"Thanh Xốp Chặn Khe Cửa 93cm Chặn đáy khe cửa,Ngăn Côn Trùng,Chống Bụi,Giảm Tiếng ồn,Chống Kẹt Chân-*",430759882913,Normal Product,,Nhà cửa & Đời sống,Nội thất,Miếng chặn cửa,20000,1,Shopee Comm,,15387,,3.50%,538.545,0.00%,0,538.545,538.545,0,538.545,,0,0.00%,0,100.00%,538.545,Hoàn thành,,Đơn hàng từ các Shop khác nhau,Đã tồn tại,,,,,,Others
260703P2GD0KR6,Hoàn thành,236758612250506,2026-07-03 13:16:53,2026-07-05 13:46:01,2026-07-02 15:17:07,𝔾.𝔻 𝕋𝕀𝔼̣̂ℕ 𝕀́ℂℍ ℍℕ,253617802,Preferred(Non-CB),7536391730,"Thanh chặn cửa [Có 4 Màu] dài 100cm chắn cửa, miếng chắn đáy khe cửa chống thoát hơi máy lạnh ngăn côn trùng bụi bẩn",153823686973,Normal Product,,Nhà cửa & Đời sống,Nội thất,Miếng chặn cửa,22329,1,Shopee Comm,,15630,,3.50%,547.05,0.00%,0,547.05,547.05,0,547.05,,0,0.00%,0,100.00%,547.05,Hoàn thành,,Đơn hàng từ các Shop khác nhau,Đã tồn tại,,,,,,Others
260703P1TACDG5,Đang chờ xử lý,236757871296510,2026-07-03 13:04:31,,2026-06-30 13:09:47,Vua viên rửa bát FINISH,1267614167,Preferred(Non-CB),29768900041,FINISH Nhật túi 150 Viên tẩy rửa máy rửa bát chén chính hãng 100v 100 150v all in 1 power cube 6 tính năng,380956762566,Normal Product,,Nhà cửa & Đời sống,Dụng cụ chăm sóc nhà cửa,Chất tẩy rửa,400000,1,Shopee Comm,,319550,,3.50%,11184.25,0.00%,0,11184.25,11184.25,0,11184.25,,0,0.00%,0,100.00%,11184.25,Đang chờ xử lý,"Trạng thái của sản phẩm đang chờ xử lý, hoa hồng sẽ chỉ được thanh toán khi nó được hoàn thành",Đơn hàng từ các Shop khác nhau,Đã tồn tại,,,,,,Websites
260703NYKANPU0,Hoàn thành,236755489239944,2026-07-03 12:24:50,2026-07-07 11:25:38,2026-06-30 11:26:33,MuaNgay Hà Nội,18636247,Preferred(Non-CB),1907620045,Tinh dầu thơm phòng đuổi muỗi (Nhiều mùi) loại 10ml dùng cho đèn xông máy khuếch tán phun sương tạo ẩm,9026991968,Normal Product,,Nhà cửa & Đời sống,"Chất khử mùi, làm thơm nhà",Tinh dầu thơm,19000,1,Shopee Comm,,9000,,3.50%,315,0.00%,0,315,315,0,315,,0,0.00%,0,100.00%,315,Hoàn thành,,Đơn hàng từ các Shop khác nhau,Đã tồn tại,,,,,,Websites
260703NX7EWAW4,Hoàn thành,236754017283694,2026-07-03 12:00:17,2026-07-06 18:01:25,2026-07-01 17:18:52,Yêu Bếp Nghiện Nhà VNM,255435129,Preferred(Non-CB),23250250278,"[HCM] Tăm bông cho bé sơ sinh V-Coool, hộp que mềm mịn",215418850759,Normal Product,,Mẹ & Bé,Đồ dùng phòng tắm & Chăm sóc cơ thể bé,Khác,9000,1,Shopee Comm,,5850,,3.50%,204.75,0.00%,0,204.75,204.75,0,204.75,,0,0.00%,0,100.00%,204.75,Hoàn thành,,Đơn hàng từ các Shop khác nhau,Đã tồn tại,,,,,,Websites
260703NWGHH6AP,Hoàn thành,236753248272295,2026-07-03 11:47:28,2026-07-06 22:34:27,2026-07-03 09:23:50,LinLin Toy's,1664866975,Preferred(Non-CB),50005891638,"Set 5 Gôm Tẩy Dễ Thương Hình Hoạt Hình – Eraser Cho Bé, Văn Phòng Phẩm Học Sinh – LinLin #3",320533245500,Normal Product,,Văn Phòng Phẩm,Bút Các Loại,Dụng Cụ Tẩy Xóa,24500,1,Shopee Comm,,24500,,3.50%,857.5,0.00%,0,857.5,857.5,0,857.5,,0,0.00%,0,100.00%,857.5,Hoàn thành,,Đơn hàng từ các Shop khác nhau,Đã tồn tại,,,,,,Websites
260703NTTRT2KB,Đang chờ xử lý,236750370223762,2026-07-03 10:59:30,,2026-06-29 08:54:06,DAREU VIET NAM,201936061,Shopee Mall(Non-CB),3408121816,Chuột không dây DAREU LM115G Pink / Black / White - Kết nối xa 10m,172930325610,Normal Product,,Máy tính & Laptop,Chuột & Bàn Phím,Chuột Máy Tính,139000,1,Shopee Comm,,119540,,3.50%,4183.9,0.00%,0,4183.9,4183.9,0,4183.9,,0,0.00%,0,100.00%,4183.9,Đang chờ xử lý,"Trạng thái của sản phẩm đang chờ xử lý, hoa hồng sẽ chỉ được thanh toán khi nó được hoàn thành",Đơn hàng từ các Shop khác nhau,Đã tồn tại,,,,,,Others
260703NFXE8FFR,Hoàn thành,236738682227826,2026-07-03 07:44:42,2026-07-04 13:54:37,2026-06-27 16:25:21,Coolmate - Official Store,24710134,Shopee Mall(Non-CB),3431453055,"[TẶNG QUÀ ĐƠN 329K]Combo 3 quần lót nam dáng Trunk Bamboo mềm mại, kháng khuẩn, thấm hút tốt Coolmate",218208090582,Normal Product,,Thời Trang Nam,Đồ lót,Quần lót,209300,1,Shopee Comm,,135405,,3.50%,4739.175,0.00%,0,4739.175,4739.175,0,4739.175,,0,0.00%,0,100.00%,4739.175,Hoàn thành,,Đơn hàng từ các Shop khác nhau,Đã tồn tại,,,,,,Websites
260703NC0XAJS2,Hoàn thành,236734471210872,2026-07-03 06:34:32,2026-07-04 11:19:19,2026-07-02 11:22:56,Hàng Thái Lan Shop 369,1054483616,C2C(Non-CB),28702951222,Nước Tẩy Quần Áo Đậm Đặc Javen Tẩy Mọi Vết Bẩn 600ml/1000ml,205176873937,Normal Product,,Nhà cửa & Đời sống,Dụng cụ chăm sóc nhà cửa,Chất tẩy rửa,9800,1,Shopee Comm,,8134,,3.50%,284.69,0.00%,0,284.69,1533.84,0,1533.84,,0,0.00%,0,100.00%,1533.84,Hoàn thành,,Đơn hàng từ các Shop khác nhau,Đã tồn tại,,,,,,Websites
260703NC0XAJS2,Hoàn thành,236734471210872,2026-07-03 06:34:32,2026-07-04 11:19:19,2026-07-02 11:22:56,Hàng Thái Lan Shop 369,1054483616,C2C(Non-CB),41002181354,"Túi Nước Giặt IIygiene Màu Công Nghệ Thái Lan 1800ml – Lưu Hương Cả Ngày, Dùng Cho Máy & Giặt Tay, Hàng Nội Địa",421135201617,Normal Product,,Nhà cửa & Đời sống,Dụng cụ chăm sóc nhà cửa,Phụ kiện giặt là,43000,1,Shopee Comm,,35690,,3.50%,1249.15,0.00%,0,1249.15,0,0,0,,0,0.00%,0,100.00%,0,Hoàn thành,,Đơn hàng từ các Shop khác nhau,Đã tồn tại,,,,,,Websites
260703MKMXRXTK,Hoàn thành,236708299226922,2026-07-02 23:18:19,2026-07-06 21:30:37,2026-07-01 22:12:12,Thảo Nhiên Cosmetics,1503425974,Preferred(Non-CB),42450431878,Mặt Nạ Giấy Dưỡng Da BNBG Mask (miếng),286122454632,Normal Product,,Sắc Đẹp,Chăm sóc da mặt,Mặt nạ,21000,1,Shopee Comm,,1000,,3.50%,35,0.00%,0,35,35,0,35,,0,0.00%,0,100.00%,35,Hoàn thành,,Đơn hàng từ các Shop khác nhau,Đã tồn tại,,,,,,Websites
260702M8CSKEQ5,Hoàn thành,236696214208778,2026-07-02 19:56:55,2026-07-06 10:54:34,2026-07-01 15:17:40,MoonBook- Top 1 sách luyện thi,172171368,Shopee Mall(Non-CB),28259666988,"Sách Lớp 9 Tổng Ôn Toán học, ngữ văn, tiếng anh, Khoa học tự nhiên sách ôn thi vào 10 cho 2k12 - Moonbook",39808775656,Normal Product,,Sách & Tạp Chí,Sách,Sách Giáo Dục,145000,1,Shopee Comm,,77181,,3.50%,2701.335,0.00%,0,2701.335,2701.335,0,2701.335,,0,0.00%,0,100.00%,2701.335,Hoàn thành,,Đơn hàng từ cùng một Shop,Đã tồn tại,,,,,,Websites
260702M763QWVW,Đang chờ xử lý,236694916214861,2026-07-02 19:35:16,,2026-07-01 19:53:26,M.Y.Never,1649735445,Preferred(Non-CB),56200966224,Bìa Kẹp Tài Liệu A4 M.Y.Never – Kẹp Trình Ký Văn Phòng Cao Cấp,292670397541,Normal Product,,Văn Phòng Phẩm,Thiết Bị Trường Học,Dụng Cụ Lưu Trữ Giấy Tờ,41000,1,Shopee Comm,,41000,,3.50%,1435,0.00%,0,1435,2405.2,0,2405.2,,0,0.00%,0,100.00%,2405.2,Đang chờ xử lý,"Trạng thái của sản phẩm đang chờ xử lý, hoa hồng sẽ chỉ được thanh toán khi nó được hoàn thành",Đơn hàng từ các Shop khác nhau,Đã tồn tại,,,,,,Google Search
260702M763QWVW,Đang chờ xử lý,236694916214861,2026-07-02 19:35:16,,2026-07-01 19:53:26,M.Y.Never,1649735445,Preferred(Non-CB),52154412272,"Túi Đựng Tài Liệu A4 Cầm Tay M.Y.Never – 13 Ngăn, Tặng Bộ Sticker Anime",302629401770,Normal Product,,Văn Phòng Phẩm,Thiết Bị Trường Học,Dụng Cụ Lưu Trữ Giấy Tờ,36000,1,Shopee Comm,,27720,,3.50%,970.2,0.00%,0,970.2,0,0,0,,0,0.00%,0,100.00%,0,Đang chờ xử lý,"Trạng thái của sản phẩm đang chờ xử lý, hoa hồng sẽ chỉ được thanh toán khi nó được hoàn thành",Đơn hàng từ các Shop khác nhau,Đã tồn tại,,,,,,Google Search
260702KXVDR18Y,Hoàn thành,236686001220487,2026-07-02 17:06:41,2026-07-04 20:25:56,2026-07-02 15:48:03,MaMi Food HCM,160418037,Preferred(Non-CB),29158122139,Hộp 500g Đậu Hà Lan Sấy Tỏi Ớt loại 1 siêu ngon MamiFoods,223109824114,Normal Product,,Thực phẩm và đồ uống,Đồ ăn vặt,Các loại hạt sấy khô,59000,1,Shopee Comm,,35226,,3.50%,1232.91,0.00%,0,1232.91,1232.91,0,1232.91,,0,0.00%,0,100.00%,1232.91,Hoàn thành,,Đơn hàng từ các Shop khác nhau,Đã tồn tại,,,,,,Others
260702KW0A6VDP,Hoàn thành,236683984257148,2026-07-02 16:33:06,2026-07-04 14:29:15,2026-06-27 19:09:56,MCBooks Hạnh Phúc,371367657,Shopee Mall(Non-CB),18989502528,"Sách Trọn Bộ Giáo Trình Destination Grammar & Vocabulary B1, B2, C1&C2 (Kèm Đáp Án) Lẻ/combo",187888458495,Normal Product,,Sách & Tạp Chí,Sách,Sách Học Ngoại Ngữ & Từ Điển,182160,1,Shopee Comm,,109316,,3.50%,3826.06,0.00%,0,3826.06,3826.06,0,3826.06,,0,0.00%,0,100.00%,3826.06,Hoàn thành,,Đơn hàng từ các Shop khác nhau,Đã tồn tại,,,,,,Websites
260702KUJSWJ4T,Hoàn thành,236682457224387,2026-07-02 16:07:37,2026-07-07 14:31:38,2026-06-25 20:30:36,Siver Wolf Fishing,44023812,C2C(Non-CB),22540220691,Dây LOXO Bảo Vệ Cần Câu Tay đủ size 3m đến 20m,177616133427,Normal Product,,Thể Thao & Dã Ngoại,Dụng Cụ Thể Thao & Dã Ngoại,Câu Cá,16150,1,Shopee Comm,,1150,,3.50%,40.25,0.00%,0,40.25,40.25,0,40.25,,0,0.00%,0,100.00%,40.25,Hoàn thành,,Đơn hàng từ các Shop khác nhau,Đã tồn tại,,,,,,Websites
260702KRAPSCEM,Hoàn thành,236678964277023,2026-07-02 15:09:25,2026-07-07 10:34:00,2026-07-02 14:52:23,SHINE TORE,433873285,Preferred(Non-CB),19881925915,"TÚI CHỐNG SỐC LAPTOP 13inch,14inch,15.6inch cao cấp SHINE TORE ST- 001",225458000622,Normal Product,,Túi Ví Nam,Cặp laptop,Túi chống sốc laptop,39000,1,Shopee Comm,,39000,,3.50%,1365,0.00%,0,1365,1365,0,1365,,0,0.00%,0,100.00%,1365,Hoàn thành,,Đơn hàng từ các Shop khác nhau,Đã tồn tại,,,,,,Websites
260702KHJJR2GV,Đang chờ xử lý,236671712280780,2026-07-02 13:08:32,,2026-07-02 13:07:50,THUỐC NHUỘM TÓC CHENGLOVEHAIRS,261570329,Preferred(Non-CB),7548697432,"Thuốc Nhuộm Tóc Màu NÂU MOCHA Không Tẩy | Chenglovehair, Chenglovehairs",257556316049,Normal Product,,Sắc Đẹp,Chăm sóc tóc,Thuốc nhuộm tóc,91000,1,XTRA Comm,,11000,,3.50%,385,2.50%,275,660,385,275,660,,0,0.00%,0,100.00%,660,Đang chờ xử lý,"Trạng thái của sản phẩm đang chờ xử lý, hoa hồng sẽ chỉ được thanh toán khi nó được hoàn thành",Đơn hàng từ các Shop khác nhau,Mới,,,,,,Others
260702KEBFXD8N,Hoàn thành,236668253234819,2026-07-02 12:10:53,2026-07-07 17:21:29,2026-07-01 20:34:24,litebuy,86770797,Preferred(Non-CB),26764371671,"PVN67083 Lược gỡ rối tóc tạo kiểu tóc phồng, chải tóc massage da đầu T5",233334078802,Normal Product,,Sắc Đẹp,Dụng cụ làm đẹp,Dụng cụ chăm sóc tóc,17999,1,Shopee Comm,,0,,3.50%,0,0.00%,0,0,0,0,0,,0,0.00%,0,100.00%,0,Hoàn thành,,Đơn hàng từ các Shop khác nhau,Đã tồn tại,,,,,,Others
260702J70VBEW4,Hoàn thành,236626021215076,2026-07-02 00:27:01,2026-07-06 17:39:19,2026-07-01 22:37:37,tichi food,1848701781,C2C(Non-CB),57511718707,Khoai lang sấy dẻo ngọt không đường phù hợp ăn kiêng,401018061526,Normal Product,,Thực phẩm và đồ uống,Đồ ăn vặt,Thức ăn khô,39300,1,XTRA Comm,,37000,,3.50%,1295,1.00%,370,1665,1295,370,1665,,0,0.00%,0,100.00%,1665,Hoàn thành,,Đơn hàng từ các Shop khác nhau,Đã tồn tại,,,,,,Others
260701HYT186FF,Hoàn thành,236618275283367,2026-07-01 22:17:55,2026-07-05 15:01:15,2026-07-01 20:15:01,HINAR-VN,1231685022,Preferred(Non-CB),26415988160,Đèn Học Để Bàn Tích Điện Đèn Led Bàn Học Bảo Vệ Mắt 3 Chế Độ Sáng Gắn Phòng Ngủ Bàn Trang Điểm,59480790074,Normal Product,,Nhà cửa & Đời sống,Đèn,,72999,1,Shopee Comm,,62779,,3.50%,2197.265,0.00%,0,2197.265,2197.265,0,2197.265,,0,0.00%,0,100.00%,2197.265,Hoàn thành,,Đơn hàng từ các Shop khác nhau,Đã tồn tại,,,,,,Others
260701HXPJB26K,Hoàn thành,236617085249520,2026-07-01 21:58:05,2026-07-02 18:06:11,2026-06-30 12:39:33,Menswear98,1029808000,Preferred(Non-CB),43876954284,Quần Jean Nam Suông Rộng Ống Đứng – Quần jean Chất Denim Dày Cao Cấp – Phong Cách Retro Basic -  Menswear 98,282223866975,Normal Product,476444451488546_0_0,Thời Trang Nam,Quần jean,,192000,1,Shopee Comm,,165120,,3.50%,5779.2,0.00%,0,5779.2,5779.2,0,5779.2,,0,0.00%,0,100.00%,5779.2,Hoàn thành,,Đơn hàng từ các Shop khác nhau,Đã tồn tại,,,,,,Others
260701HXPJB26K,Hoàn thành,236617085249520,2026-07-01 21:58:05,2026-07-02 18:06:11,2026-06-30 12:39:33,Menswear98,1029808000,Preferred(Non-CB),56263044858,(Tặng 20K Đánh giá KO PHẢI TẶNG ÁO QUẦN) Bộ quần áo ba lỗ thun gân + quần kaki nam form trên gối thoáng mát,416131669586,Normal Product,476444451488546_0_0,Thời Trang Nam,Bộ,,0,1,Shopee Comm,,0,,3.50%,0,0.00%,0,0,0,0,0,,0,0.00%,0,100.00%,0,Hoàn thành,,Đơn hàng từ các Shop khác nhau,Đã tồn tại,,,,,,Others
260701HWHVD40R,Hoàn thành,236615854288989,2026-07-01 21:37:33,2026-07-07 15:17:52,2026-06-29 15:31:16,Nghệ nhân Thủ công - Artisan,1241067511,C2C(Non-CB),26001037239,"[ARTISAN] Tranh đính đá Đồ thủ công DIY, quà tặng cho người yêu và bạn bè，Bộ ảnh tiêu biểu 7068",236368301866,Normal Product,,Nhà cửa & Đời sống,Trang trí nhà cửa,Khung ảnh & vật trang trí tường,66000,1,Shopee Comm,,56337,,3.50%,1971.795,0.00%,0,1971.795,1971.795,0,1971.795,,0,0.00%,0,100.00%,1971.795,Hoàn thành,,Đơn hàng từ các Shop khác nhau,Đã tồn tại,,,,,,Others
260701HWHVD40Q,Hoàn thành,236615854288988,2026-07-01 21:37:33,2026-07-08 15:14:39,2026-06-29 15:31:16,Snowly Gift Store,1388347721,Preferred(Non-CB),22165047256,"[Quà tặng] Hộp Đèn Hoa Tulip Handmade Làm Quà Tặng Ny, Quà Sinh Nhật, Quà Tặng Bạn Bè, Đèn Ngủ Hoa Tulip",242359682590,Normal Product,,Nhà cửa & Đời sống,Đèn,,49000,1,Shopee Comm,,43120,,3.50%,1509.2,0.00%,0,1509.2,1509.2,0,1509.2,,0,0.00%,0,100.00%,1509.2,Hoàn thành,,Đơn hàng từ các Shop khác nhau,Đã tồn tại,,,,,,Others
260701HN4MVPCG,Hoàn thành,236606820266448,2026-07-01 19:07:00,2026-07-07 16:59:56,2026-06-29 10:32:11,ShingHai Closets,34991492,Preferred(Non-CB),3974874935,"Áo GILE nam nữ Form Unisex Chất vải Thun Cotton Phong Cách Hàn Quốc, Trẻ Trung, Năng Động - SHINGHAI",118255827874,Normal Product,,Thời Trang Nam,Com lê,Áo vest & Gi lê,129000,1,XTRA Comm,,49000,,3.50%,1715,2.00%,980,2695,1715,980,2695,,0,0.00%,0,100.00%,2695,Hoàn thành,,Đơn hàng từ các Shop khác nhau,Mới,,,,,,Others
260701HN4F48PP,Hoàn thành,236606814214999,2026-07-01 19:06:55,2026-07-08 11:39:56,2026-06-28 18:17:14,DEKO STORE,540879723,Shopee Mall(Non-CB),25306110681,"Máy Sấy Tóc Ion Âm 2 Chiều Nóng Lạnh Chăm Sóc Tóc Tốc Độ, Có 3 Chế Độ Sấy, Tặng Kèm Đầu Sấy Tạo Kiểu",59905492075,Normal Product,,Sắc Đẹp,Dụng cụ làm đẹp,Dụng cụ chăm sóc tóc,369000,1,Shopee Comm,,195013,,3.50%,6825.455,0.00%,0,6825.455,6825.455,0,6825.455,,0,0.00%,0,100.00%,6825.455,Hoàn thành,,Đơn hàng từ các Shop khác nhau,Mới,,,,,,Websites
260701HEAPP0UU,Hoàn thành,236599507276201,2026-07-01 17:05:07,2026-07-03 18:36:53,2026-07-01 07:58:10,ABICA STORE,341024473,Preferred(Non-CB),22859008874,Gọng kính cận nữ nam phong cách Hàn Quốc mắt kính vuông không độ chống tia UV và ánh sáng xanh thay được tròng cận 548,157070506387,Normal Product,,Phụ Kiện Thời Trang,Kính mắt,Gọng kính,25382,1,Shopee Comm,,1297,,3.50%,45.395,0.00%,0,45.395,45.395,0,45.395,,0,0.00%,0,100.00%,45.395,Hoàn thành,,Đơn hàng từ các Shop khác nhau,Mới,,,,,,Others
260701HEAPP0UT,Hoàn thành,236599507276200,2026-07-01 17:05:07,2026-07-05 16:47:29,2026-07-01 07:58:10,BERAV BEAUTY,256444447,Shopee Mall(Non-CB),15392863930,"Sữa Rửa Mặt Cerave giúp làm sạch sâu dành cho da dầu, da khô nhạy cảm Foam Cleanser 88/236/473ML",98915684255,Normal Product,,Sắc Đẹp,Chăm sóc da mặt,Sữa rửa mặt,40000,2,Shopee Comm,,4085,,3.50%,142.975,0.00%,0,142.975,142.975,0,142.975,,0,0.00%,0,100.00%,142.975,Hoàn thành,,Đơn hàng từ các Shop khác nhau,Mới,,,,,,Others
260701GYTTNT1W,Hoàn thành,236583942203160,2026-07-01 12:45:42,2026-07-05 11:36:33,2026-06-27 14:01:23,TopGia HCM,729014007,Shopee Mall(Non-CB),17532975547,"Thùng 30 gói giấy ăn rút Topgia 3 màu cao cấp 4 lớp dày dặn, mềm mịn, thùng 16/36/40/46/10 gói",277167071540,Normal Product,,Nhà cửa & Đời sống,Dụng cụ chăm sóc nhà cửa,"Khăn giấy, giấy ướt",65001,1,Shopee Comm,,55900,,3.50%,1956.5,0.00%,0,1956.5,1956.5,0,1956.5,,0,0.00%,0,100.00%,1956.5,Hoàn thành,,Đơn hàng từ các Shop khác nhau,Đã tồn tại,,,,,,Websites
260701GYNE4HK4,Hoàn thành,236583761286102,2026-07-01 12:42:41,2026-07-06 12:00:28,2026-07-01 12:10:23,congngheso1vn,107810309,Preferred(Non-CB),20878129437,"Giá đỡ ipad điện thoại để bàn K3 nhỏ gọn điều chỉnh đa năng, Kệ để điện thoại máy tính bản gấp gọn đế vững chắc tiện lợi",118052150811,Normal Product,,Điện Thoại & Phụ Kiện,Phụ kiện,Phụ kiện selfie,10000,1,Shopee Comm,,0,,3.50%,0,0.00%,0,0,0,0,0,,0,0.00%,0,100.00%,0,Hoàn thành,,Đơn hàng từ các Shop khác nhau,Đã tồn tại,,,,,,Websites
260701GQUV17GX,Hoàn thành,236575387246800,2026-07-01 10:23:08,2026-07-07 14:22:06,2026-06-28 17:44:08,Ireneda Official Store,324856601,Shopee Mall(CB),26568459924,Bảng Phấn Mắt FOCALLURE Sắc Tố Cao Lâu Dài Không Miếng Dán Dưỡng Ẩm Không Bánh 8 Màu,198000372009,Normal Product,,Sắc Đẹp,Trang điểm,Trang điểm mắt,209000,1,Shopee Comm,,156854,,3.50%,5489.89,0.00%,0,5489.89,5489.89,0,5489.89,,0,0.00%,0,100.00%,5489.89,Hoàn thành,,Đơn hàng từ các Shop khác nhau,Đã tồn tại,,,,,,Others
260701GNFKJ3K0,Hoàn thành,236572828223065,2026-07-01 09:40:28,2026-07-03 16:11:24,2026-06-29 11:06:12,Mămmy Việt Nam,457785173,Shopee Mall(Non-CB),40610216947,Combo 5 Bánh Ăn Dặm Mini Bites Mămmy bổ sung canxi hỗ trợ tập nhai cho bé từ 6 tháng gói 15g,355154927221,Normal Product,,Mẹ & Bé,Sữa công thức & Thực phẩm cho bé,Đồ ăn nhẹ cho bé,32000,4,Shopee Comm,,85760,,3.50%,3001.6,0.00%,0,3001.6,3001.6,0,3001.6,,0,0.00%,0,100.00%,3001.6,Hoàn thành,,Đơn hàng từ các Shop khác nhau,Đã tồn tại,,,,,,Others
260701FUMSTCVA,Hoàn thành,236545085277952,2026-07-01 01:58:06,2026-07-06 18:23:35,2026-06-24 18:43:18,Máy thái hành tỏi 88,254724406,Preferred(Non-CB),6247881876,Máy thái hành tỏi đa năng siêu tiện lợi - TẶNG KÈM 3 LƯỠI DAO,55607613516,Normal Product,,Thiết Bị Điện Gia Dụng,Đồ gia dụng nhà bếp,Máy chế biến thực phẩm & Xay thịt,305822,1,Shopee Comm,,186347,,3.50%,6522.145,0.00%,0,6522.145,6522.145,0,6522.145,,0,0.00%,0,100.00%,6522.145,Hoàn thành,,Đơn hàng từ các Shop khác nhau,Đã tồn tại,,,,,,Others
260630FD417VUW,Hoàn thành,236529490249039,2026-06-30 21:38:10,2026-07-02 15:36:51,2026-06-26 23:16:58,MoonBook- Top 1 sách luyện thi,172171368,Shopee Mall(Non-CB),46560857171,Sách Nền Tảng Toán 8  - Sách Dành Cho Học Sinh 2k13 Mất Gốc - MoonBook,425946210373,Normal Product,,Sách & Tạp Chí,Sách,Sách Giáo Dục,139000,1,Shopee Comm,,128800,,4.00%,5152,0.00%,0,5152,5152,0,5152,,0,0.00%,0,100.00%,5152,Hoàn thành,,Đơn hàng từ cùng một Shop,Đã tồn tại,,,,,,TikTok
260630FA6EP9D4,Hoàn thành,236526350237811,2026-06-30 20:45:50,2026-07-05 11:22:33,2026-06-30 06:28:40,BACHHOAANVAT,138578035,Preferred(Non-CB),19313859417,Sinh Tố Berino các vị - tách lẻ 100g - chiết từ chai 1 lít,126098229675,Normal Product,,Thực phẩm và đồ uống,Đồ uống,Nước trái cây lên men,25500,1,Shopee Comm,,25500,,4.00%,1020,0.00%,0,1020,1020,0,1020,,0,0.00%,0,100.00%,1020,Hoàn thành,,Đơn hàng từ các Shop khác nhau,Đã tồn tại,,,,,,Websites
260630EUG2UAHP,Hoàn thành,236510567232573,2026-06-30 16:22:47,2026-07-07 12:14:01,2026-06-29 14:26:33,TotoMart - Thực phẩm Hàn Quốc,18028943,Preferred(Non-CB),1238155252,100g bột ớt Hàn Quốc dạng vẩy / mịn,34188958275,Normal Product,,Thực phẩm và đồ uống,Nguyên liệu nấu ăn,Gia vị & Hương liệu,28000,1,Shopee Comm,,0,,4.00%,0,0.00%,0,0,0,0,0,,0,0.00%,0,100.00%,0,Hoàn thành,,Đơn hàng từ các Shop khác nhau,Đã tồn tại,,,,,,TikTok
260630EEPJDXK3,Hoàn thành,236496826251724,2026-06-30 12:33:47,2026-07-05 12:41:22,2026-06-30 09:27:21,Đăng Tú Sport,169287826,Preferred(Non-CB),40567946721,"Quấn cán DIYI OMBRE vợt pickleball , cầu lông  loang màu cực đẹp",306477733635,Normal Product,,Thể Thao & Dã Ngoại,Dụng Cụ Thể Thao & Dã Ngoại,Cầu Lông,9000,1,Shopee Comm,,7920,,4.00%,316.8,0.00%,0,316.8,950.4,0,950.4,,0,0.00%,0,100.00%,950.4,Hoàn thành,,Đơn hàng từ các Shop khác nhau,Đã tồn tại,,,,,,Others
260630EEPJDXK3,Hoàn thành,236496826251724,2026-06-30 12:33:47,2026-07-05 12:41:22,2026-06-30 09:27:21,Đăng Tú Sport,169287826,Preferred(Non-CB),40567946721,"Quấn cán DIYI OMBRE vợt pickleball , cầu lông  loang màu cực đẹp",306477733636,Normal Product,,Thể Thao & Dã Ngoại,Dụng Cụ Thể Thao & Dã Ngoại,Cầu Lông,9000,1,Shopee Comm,,7920,,4.00%,316.8,0.00%,0,316.8,0,0,0,,0,0.00%,0,100.00%,0,Hoàn thành,,Đơn hàng từ các Shop khác nhau,Đã tồn tại,,,,,,Others
260630EEPJDXK3,Hoàn thành,236496826251724,2026-06-30 12:33:47,2026-07-05 12:41:22,2026-06-30 09:27:21,Đăng Tú Sport,169287826,Preferred(Non-CB),40567946721,"Quấn cán DIYI OMBRE vợt pickleball , cầu lông  loang màu cực đẹp",306477733637,Normal Product,,Thể Thao & Dã Ngoại,Dụng Cụ Thể Thao & Dã Ngoại,Cầu Lông,9000,1,Shopee Comm,,7920,,4.00%,316.8,0.00%,0,316.8,0,0,0,,0,0.00%,0,100.00%,0,Hoàn thành,,Đơn hàng từ các Shop khác nhau,Đã tồn tại,,,,,,Others
260630E6FSW3DD,Hoàn thành,236488009277774,2026-06-30 10:06:50,2026-07-03 12:17:37,2026-06-28 21:05:24,KPOP ALL STARS - IN ẤN & GAME,51804526,Preferred(Non-CB),7516803731,[HCS] Túi Dán Miệng 11-220 Kích Thước Nhựa Đựng Card Poster Móc Khóa Huy Hiệu Làm Bánh Bọc Đựng Card,232829650968,Normal Product,,Văn Phòng Phẩm,Quà Tặng - Giấy Gói,Khác,22000,1,XTRA Comm,,15400,,4.00%,616,2.00%,308,924,616,308,924,,0,0.00%,0,100.00%,924,Hoàn thành,,Đơn hàng từ các Shop khác nhau,Đã tồn tại,,,,,,Others
260630E6BDQN55,Hoàn thành,236487862291204,2026-06-30 10:04:22,2026-07-03 23:45:46,2026-06-29 09:50:19,Pendia Jewelry,1346083759,Preferred(Non-CB),26963488131,"Dây Chuyền Bạc Nữ Thiên Nga Nhỏ Xi Vàng Trắng 6,5 Ly - Thương Hiệu PENDIA - Giấy Kiểm Định DC026",340595069420,Normal Product,,Phụ Kiện Thời Trang,Dây chuyền,,319000,1,Shopee Comm,,249000,,4.00%,9960,0.00%,0,9960,9960,0,9960,,0,0.00%,0,100.00%,9960,Hoàn thành,,Đơn hàng từ các Shop khác nhau,Đã tồn tại,,,,,,Websites
260630DX46U3XW,Hoàn thành,236479030251388,2026-06-30 07:37:11,2026-07-04 10:32:37,2026-06-29 16:20:19,Tạp Hóa Táo Nhỏ,334811516,Preferred(Non-CB),41327742941,Móc khóa CHUỐI BÔNG dễ thương đeo balo túi xách,277309413760,Normal Product,,Sở thích & Sưu tầm,Quà Lưu Niệm,Móc khóa,11662,1,Shopee Comm,,11662,,4.00%,466.48,0.00%,0,466.48,466.48,0,466.48,,0,0.00%,0,100.00%,466.48,Hoàn thành,,Đơn hàng từ các Shop khác nhau,Đã tồn tại,,,,,,Others
260629CURECWNT,Hoàn thành,236442128298277,2026-06-29 21:22:08,2026-07-01 13:36:39,2026-06-29 20:17:37,Xưởng May Chân Ngọc,1265388553,Preferred(Non-CB),41616008998,"Quần Short Nỉ Mềm Cho Nữ Dày Dặn Cạp Chun Co Giãn, Quần Sooc Đùi Ống Rộng Cạp Cao Thu Đông-QSN001",216234056456,Normal Product,,Thời Trang Nữ,Quần đùi,Quần đùi,68000,1,Shopee Comm,,56950,,4.00%,2278,0.00%,0,2278,2278,0,2278,,0,0.00%,0,100.00%,2278,Hoàn thành,,Đơn hàng từ các Shop khác nhau,Đã tồn tại,,,,,,Others
260629CT7CMRM0,Hoàn thành,236440482290589,2026-06-29 20:54:42,2026-07-01 17:01:23,2026-06-28 12:54:16,COURT NATURE STORE,1632480189,Preferred(Non-CB),42874449161,"Quạt Cầm Tay Mini T10 Siêu Mát, Với 3 Tốc Độ Gió Làm Giá Đỡ Điện Thoại Lại Pin Khủng Có Thể Sạc Nhiều Màu Sắc",291983685622,Normal Product,,Điện Thoại & Phụ Kiện,Phụ kiện,Quạt USB & Quạt điện thoại,39000,1,Shopee Comm,,0,,4.00%,0,0.00%,0,0,0,0,0,,0,0.00%,0,100.00%,0,Hoàn thành,,Đơn hàng từ các Shop khác nhau,Mới,,,,,,Zalo
260629CSC13J4P,Hoàn thành,236439564228762,2026-06-29 20:39:23,2026-07-04 12:06:05,2026-06-29 08:20:09,Tiệm Ăn Vặt Thuỳ Bùi.,1103540324,Preferred(Non-CB),53259254902,"Snack Vương Thần Long Hằng Đại gói 220g Thơm Cay Ngon Hấp Dẫn, Đồ Ăn Vặt Cổng Trường, Đồ Ăn Vặt Hot Nhất",340819767419,Normal Product,,Thực phẩm và đồ uống,Đồ ăn vặt,Khác,27000,1,Shopee Comm,,0,,4.00%,0,0.00%,0,0,0,0,0,,0,0.00%,0,100.00%,0,Hoàn thành,,Đơn hàng từ các Shop khác nhau,Mới,,,,,,Facebook
260629CAR8937B,Hoàn thành,236423868279735,2026-06-29 16:17:48,2026-07-04 18:15:47,2026-06-26 12:39:02,Soda Handmade & Decor,21256929,Preferred(Non-CB),42915183582,"[Kèm hộp]Set Khung Ảnh Mica trong suốt+Ảnh In Phủ Bóng Cao Cấp, Hộp Quà – Quà Sinh Nhật, Anniversary",224448338386,Normal Product,,Nhà cửa & Đời sống,Trang trí nhà cửa,Khung ảnh & vật trang trí tường,185000,1,Shopee Comm,,162800,,4.00%,6512,0.00%,0,6512,6512,0,6512,,0,0.00%,0,100.00%,6512,Hoàn thành,,Đơn hàng từ các Shop khác nhau,Đã tồn tại,,,,,,Zalo
260629BMCNKH0V,Hoàn thành,236399857275292,2026-06-29 09:37:37,2026-07-03 20:38:52,2026-06-28 13:15:34,Phụ Kiện Celadon,867467,Preferred(Non-CB),3082247223,"Bộ 40 Khăn Lau Cường Lực, Vệ Sinh Điện Thoại, Laptop, Máy Ảnh, Mắt Kính Tiện Lợi",93853844750,Normal Product,,Cameras & Flycam,Phụ kiện chăm sóc máy ảnh,Bộ vệ sinh máy ảnh,12000,1,Shopee Comm,,12000,,4.00%,480,0.00%,0,480,480,0,480,,0,0.00%,0,100.00%,480,Hoàn thành,,Đơn hàng từ các Shop khác nhau,Đã tồn tại,,,,,,Zalo
260629BM22219R,Hoàn thành,236399501231572,2026-06-29 09:31:42,2026-07-01 20:48:30,2026-06-28 16:51:04,Hi Decal - Tem dán xe cao cấp,414413028,Preferred(Non-CB),27663999386,"Decal dán đổi màu đèn xe ô tô, xe máy, Tem trang trí cao cấp chống thấm nước, bền màu",236983911524,Normal Product,,Ô tô,Phụ kiện ngoại thất ô tô,"Hình dán, logo, huy hiệu",25000,1,Shopee Comm,,25000,,4.00%,1000,0.00%,0,1000,1000,0,1000,,0,0.00%,0,100.00%,1000,Hoàn thành,,Đơn hàng từ các Shop khác nhau,Đã tồn tại,,,,,,Websites
260629BCTF39S5,Đang chờ xử lý,236391730275196,2026-06-29 07:22:10,,2026-06-27 18:19:57,LOLY STORE 99,755240872,C2C(Non-CB),52112132946,( CÓ BIGSIZE ) Đầm body nữ cổ yếm dáng xoè Lụa Tô Châu mềm mịn sang chảnh Lolystore HL274,396053929790,Normal Product,,Thời Trang Nữ,Đầm,,299900,1,Shopee Comm,,299900,,4.00%,11996,0.00%,0,11996,11996,0,11996,,0,0.00%,0,100.00%,11996,Đang chờ xử lý,"Trạng thái của sản phẩm đang chờ xử lý, hoa hồng sẽ chỉ được thanh toán khi nó được hoàn thành",Đơn hàng từ các Shop khác nhau,Đã tồn tại,,,,,,Websites
260629B8YPVVA6,Hoàn thành,236387611251051,2026-06-29 06:13:32,2026-07-03 15:37:37,2026-06-27 06:40:46,Be You shop,284175510,Preferred(Non-CB),22645699798,"Kìm Bấm Sổ Còng, Kềm Bấm Lỗ Giấy Refill, Dụng Cụ Bấm Lỗ Giấy Làm Sổ Còng - BEYOU",99382453009,Normal Product,,Văn Phòng Phẩm,Thiết Bị Trường Học,Máy Đục Lỗ,26500,1,Shopee Comm,,5786,,4.00%,231.44,0.00%,0,231.44,231.44,0,231.44,,0,0.00%,0,100.00%,231.44,Hoàn thành,,Đơn hàng từ các Shop khác nhau,Đã tồn tại,,,,,,Facebook
260628A9TSGVDB,Hoàn thành,236354160240094,2026-06-28 20:56:00,2026-07-03 16:38:00,2026-06-28 12:11:42,À petshop - thức ăn chó mèo,1084270497,Preferred(Non-CB),19384778901,Thức ăn dành cho mèo zoi cat - gói 1kg -hạt cho mèo À petshop - zoi cat 1kg,138335511915,Normal Product,,Chăm Sóc Thú Cưng,Thức ăn cho thú cưng,Thức ăn cho mèo,65000,2,Shopee Comm,,110500,,0.00%,0,0.00%,0,0,0,0,0,,0,0.00%,0,100.00%,0,Hoàn thành,,Đơn hàng từ các Shop khác nhau,Đã tồn tại,,,,,,Others
260628A7QD8B2E,Hoàn thành,236351899239743,2026-06-28 20:18:20,2026-07-03 13:46:12,2026-06-22 16:49:23,Cowcase -Ốp Nhà Làm,927604736,Preferred(Non-CB),40355490815,Ốp lưng Redmi A3 Cowcase chống trơn trượt | Ốp điện thoại Xiaomi dẻo bảo vệ camera đt toàn diện,275667196551,Normal Product,,Điện Thoại & Phụ Kiện,Phụ kiện,"Vỏ bao, Ốp lưng & Miếng dán",22000,1,Shopee Comm,,7920,,4.00%,316.8,0.00%,0,316.8,316.8,0,316.8,,0,0.00%,0,100.00%,316.8,Hoàn thành,,Đơn hàng từ các Shop khác nhau,Đã tồn tại,,,,,,TikTok
260628A29XVWD4,Hoàn thành,236346079265413,2026-06-28 18:41:19,2026-07-03 20:38:34,2026-06-28 12:53:59,FANEYES SHOP,1219891753,Shopee Mall(CB),54255462930,Kem Lông Mày Tự Nhiên Định Hình Lâu Dài Chống Trơn Trượt Không Phai Màu Nâu Đậm Hoang Dã Lông Mày Chống Thấm Nước,375496986880,Normal Product,,Sắc Đẹp,Trang điểm,Trang điểm mắt,15500,1,Shopee Comm,,13640,,4.00%,545.6,0.00%,0,545.6,545.6,0,545.6,,0,0.00%,0,100.00%,545.6,Hoàn thành,,Đơn hàng từ các Shop khác nhau,Đã tồn tại,,,,,,Instagram
2606289WTTDN5V,Hoàn thành,236341276286799,2026-06-28 17:21:16,2026-07-03 16:30:24,2026-06-28 17:09:47,Unilever - Chăm Sóc Cá Nhân,111138057,Shopee Mall(Non-CB),6931969733,[CHÍNH HÃNG] Dove Serum dưỡng sáng khử mùi Dove dành cho nữ với 3% Niacinamide giúp da sáng mịn đều màu 40ml tốt như lăn,79311380279,Normal Product,,Sắc Đẹp,Tắm & chăm sóc cơ thể,Khử mùi cơ thể,87999,1,Shopee Comm,,63359,,4.00%,2534.36,0.00%,0,2534.36,2534.36,0,2534.36,,0,0.00%,0,100.00%,2534.36,Hoàn thành,,Đơn hàng từ các Shop khác nhau,Đã tồn tại,,,,,,Websites
2606289Q2AW1J6,Hoàn thành,236334012255602,2026-06-28 15:20:13,2026-07-05 12:16:06,2026-06-26 11:46:29,Hạt chia yến mạch úc mỹ,54984608,Preferred(Non-CB),9746650316,"Yến mạch Nutrition Oats Instant cán dẹt cán vỡ, eatclean healthy ăn kiêng tập gym gói 500g date mới",290885373256,Normal Product,,Thực phẩm và đồ uống,Ngũ cốc & mứt,Ngũ cốc,70100,1,Shopee Comm,,46967,,4.00%,1878.68,0.00%,0,1878.68,1878.68,0,1878.68,,0,0.00%,0,100.00%,1878.68,Hoàn thành,,Đơn hàng từ các Shop khác nhau,Đã tồn tại,,,,,,Others
2606289D78M1CH,Hoàn thành,236323440218160,2026-06-28 12:24:00,2026-07-05 12:02:28,2026-06-27 14:30:20,M2M SHOP,10912353,C2C(Non-CB),6414912157,Set miếng dán tóc trang điểm nhỏ xinh cho các bạn gái (2 miếng),13064639269,Normal Product,0_462234141147373_1,Phụ Kiện Thời Trang,Phụ kiện tóc,Khác,12410,1,Shopee Comm,,2410,,4.00%,96.4,0.00%,0,96.4,192.8,0,192.8,,0,0.00%,0,100.00%,192.8,Hoàn thành,,Đơn hàng từ các Shop khác nhau,Đã tồn tại,,,,,,Websites
2606289D78M1CH,Hoàn thành,236323440218160,2026-06-28 12:24:00,2026-07-05 12:02:28,2026-06-27 14:30:20,M2M SHOP,10912353,C2C(Non-CB),6414912157,Set miếng dán tóc trang điểm nhỏ xinh cho các bạn gái (2 miếng),13064639271,Normal Product,0_462234141147373_1,Phụ Kiện Thời Trang,Phụ kiện tóc,Khác,12410,1,Shopee Comm,,2410,,4.00%,96.4,0.00%,0,96.4,0,0,0,,0,0.00%,0,100.00%,0,Hoàn thành,,Đơn hàng từ các Shop khác nhau,Đã tồn tại,,,,,,Websites
2606289CMRCQT2,Hoàn thành,236322819219007,2026-06-28 12:13:40,2026-07-01 23:31:12,2026-06-25 17:00:28,Ăn vặt Điều to,60683977,Preferred(Non-CB),28731888793,"[Hàng sẵn HCM] Quà tặng sinh nhật gấu bông phụ kiện tặng 20/10, quốc tế phụ nữ",340810145785,Normal Product,,Mẹ & Bé,Đồ chơi,Búp bê & Thú nhồi bông,145000,1,Shopee Comm,,113792,,4.00%,4551.68,0.00%,0,4551.68,4551.68,0,4551.68,,0,0.00%,0,100.00%,4551.68,Hoàn thành,,Đơn hàng từ các Shop khác nhau,Đã tồn tại,,,,,,Websites
260628980V8SGN,Hoàn thành,236317857220481,2026-06-28 10:50:57,2026-07-05 12:24:10,2026-06-27 08:34:58,MoonBook- Top 1 sách luyện thi,172171368,Shopee Mall(Non-CB),25230212523,"Sách Tổng ôn 12 Xuất Phát Sớm - Ôn thi THPT quốc gia 2026 Toán, Lí, Hoá,  Anh, Sinh, Văn, Địa - MoonBook",285275511297,Normal Product,,Sách & Tạp Chí,Sách,Sách Giáo Dục,154000,1,Shopee Comm,,129360,,4.00%,5174.4,0.00%,0,5174.4,5174.4,0,5174.4,,0,0.00%,0,100.00%,5174.4,Hoàn thành,,Đơn hàng từ cùng một Shop,Đã tồn tại,,,,,,Others
260628912F0WKT,Hoàn thành,236310394258793,2026-06-28 08:46:35,2026-07-04 14:24:42,2026-06-27 19:56:56,Trạm Cấp Cứu 2D,48977733,Preferred(Non-CB),55757637632,Móc khóa Anime Inuyasha Khuyển Dạ Xoa Kagome Chibi Acrylic trong suốt trang trí cặp sách balo mô hình phụ kiện quà tặng,420679759917,Normal Product,,Sở thích & Sưu tầm,Đồ Sưu Tầm,Bộ sưu tập hoạt hình truyện tranh,9702,1,Shopee Comm,,0,,4.00%,0,0.00%,0,0,0,0,0,,0,0.00%,0,100.00%,0,Hoàn thành,,Đơn hàng từ các Shop khác nhau,Đã tồn tại,,,,,,Websites
2606277W73FHCU,Hoàn thành,236271895213593,2026-06-27 22:04:56,2026-07-05 14:07:23,2026-06-26 12:43:45,HOA STUDIO,1312095444,C2C(Non-CB),57502932800,Phấn Má Hồng Menow Trang Điểm Mặt Mịn Lì Lâu Trôi Chống Thấm Nước 1 hộp,425517041041,Normal Product,,Sắc Đẹp,Trang điểm,Trang điểm mặt,50000,1,Shopee Comm,,30000,,4.00%,1200,0.00%,0,1200,1200,0,1200,,0,0.00%,0,100.00%,1200,Hoàn thành,,Đơn hàng từ các Shop khác nhau,Đã tồn tại,,,,,,Zalo
2606277SYQ7BDE,Hoàn thành,236268426258377,2026-06-27 21:07:07,2026-07-04 14:43:37,2026-06-27 20:48:46,Haki - Văn Phòng Phẩm,444126752,Preferred(Non-CB),27827672135,Sổ còng HAKI A5 B5 A4 binder còng sắt 4 9 6 20 26 30 còng làm sổ tay sổ ghi chép take notes bujo,247742041368,Normal Product,461104443114040_0_0,Văn Phòng Phẩm,Sổ & Giấy Các Loại,Ruột Sổ,43900,1,Shopee Comm,,23900,,4.00%,956,0.00%,0,956,956,0,956,,0,0.00%,0,100.00%,956,Hoàn thành,,Đơn hàng từ các Shop khác nhau,Đã tồn tại,,,,,,Zalo
2606277SYQ7BDE,Hoàn thành,236268426258377,2026-06-27 21:07:07,2026-07-04 14:43:37,2026-06-27 20:48:46,Haki - Văn Phòng Phẩm,444126752,Preferred(Non-CB),27651854371,Decal bọc sách vở A4 B5 A5 HAKI set 10 tấm decal chống nước chống rách tặng kèm 10 nhãn vỡ cho học sinh,292704702051,Normal Product,461104443114040_0_0,Văn Phòng Phẩm,Sổ & Giấy Các Loại,Bọc Sách,0,1,Shopee Comm,,0,,4.00%,0,0.00%,0,0,0,0,0,,0,0.00%,0,100.00%,0,Hoàn thành,,Đơn hàng từ các Shop khác nhau,Đã tồn tại,,,,,,Zalo
2606277SAH5A0X,Hoàn thành,236267715251814,2026-06-27 20:55:16,2026-07-02 20:46:53,2026-06-26 20:36:38,Topick Global,196261835,Preferred(CB),29604386135,Hàn Quốc Mùa Hè Móc Ren Đầu Ngọc Trai Rỗng Mỏng Rộng Đầu Phụ Kiện Tóc Khăn,185215745203,Normal Product,,Phụ Kiện Thời Trang,Phụ kiện tóc,Băng đô tóc,65880,1,Shopee Comm,,52704,,4.00%,2108.16,0.00%,0,2108.16,2108.16,0,2108.16,,0,0.00%,0,100.00%,2108.16,Hoàn thành,,Đơn hàng từ các Shop khác nhau,Đã tồn tại,,,,,,Others
2606277S0BWSFJ,Hoàn thành,236267374224532,2026-06-27 20:49:34,2026-06-30 12:10:28,2026-06-24 16:37:48,MissHoney Tiệm Phụ Kiện,1451998906,Preferred(Non-CB),40250031162,"Kẹp Tóc Mỏ Vịt Cố Định Tóc Bằng Sắt Mạ Bạc, Kẹp Mái Tạo Kiểu Đơn Giản Dễ Sử Sụng Cho Nữ",253982774699,Normal Product,,Phụ Kiện Thời Trang,Phụ kiện tóc,Kẹp tóc,13800,1,Shopee Comm,,13800,,4.00%,552,0.00%,0,552,552,0,552,,0,0.00%,0,100.00%,552,Hoàn thành,,Đơn hàng từ các Shop khác nhau,Đã tồn tại,,,,,,Websites
2606277MVD2N91,Hoàn thành,236262946242715,2026-06-27 19:35:46,2026-07-04 18:22:32,2026-06-23 13:27:58,anvat74,1095473396,C2C(Non-CB),25454764142,Muối ớt Ô mai Ba Thu siêu ngon 500g,222400718797,Normal Product,,Thực phẩm và đồ uống,Nguyên liệu nấu ăn,Gia vị & Hương liệu,25000,1,Shopee Comm,,20000,,4.00%,800,0.00%,0,800,800,0,800,,0,0.00%,0,100.00%,800,Hoàn thành,,Đơn hàng từ các Shop khác nhau,Đã tồn tại,,,,,,Websites
2606277M5JJGPP,Hoàn thành,236262180253699,2026-06-27 19:23:00,2026-07-04 12:45:55,2026-06-24 01:04:04,Maomi Kẹp Tóc,928149022,Preferred(Non-CB),29735029126,Scrunchies Cột Tóc Pastel Dễ Thương - Phụ Kiện Tóc Phong Cách Tươi Mát Ngọt Ngào,216038967166,Normal Product,,Phụ Kiện Thời Trang,Phụ kiện tóc,Đồ buộc tóc & Nơ,15000,1,Shopee Comm,,0,,4.00%,0,0.00%,0,0,0,0,0,,0,0.00%,0,100.00%,0,Hoàn thành,,Đơn hàng từ các Shop khác nhau,Đã tồn tại,,,,,,Zalo
2606277C7509CR,Hoàn thành,236253643200584,2026-06-27 17:00:43,2026-07-05 18:29:34,2026-06-24 19:46:01,Phụ Kiện Xinh - Vân Lee,1386687478,Preferred(Non-CB),40068483285,"Set kẹp tóc nhiều màu cho bé - phụ kiện tóc dễ thương, nhiều chi tiết, mix đồ xinh - Phụ kiện Vân Lee - MS021",177304780934,Normal Product,,Thời trang trẻ em & trẻ sơ sinh,Phụ kiện trẻ em & trẻ sơ sinh,Phụ kiện tóc,21778,1,Shopee Comm,,1278,,4.00%,51.12,0.00%,0,51.12,51.12,0,51.12,,0,0.00%,0,100.00%,51.12,Hoàn thành,,Đơn hàng từ các Shop khác nhau,Đã tồn tại,,,,,,Websites
260627777J343D,Hoàn thành,236248288219895,2026-06-27 15:31:29,2026-07-01 19:12:53,2026-06-24 15:02:39,DEKO STORE,540879723,Shopee Mall(Non-CB),25306110681,"Máy Sấy Tóc Ion Âm 2 Chiều Nóng Lạnh Chăm Sóc Tóc Tốc Độ, Có 3 Chế Độ Sấy, Tặng Kèm Đầu Sấy Tạo Kiểu",295647715777,Normal Product,,Sắc Đẹp,Dụng cụ làm đẹp,Dụng cụ chăm sóc tóc,409000,1,Shopee Comm,,264343,,4.00%,10573.72,0.00%,0,10573.72,10573.72,0,10573.72,,0,0.00%,0,100.00%,10573.72,Hoàn thành,,Đơn hàng từ các Shop khác nhau,Đã tồn tại,,,,,,Zalo
2606277744EHFX,Hoàn thành,236248173258278,2026-06-27 15:29:33,2026-07-03 19:14:18,2026-06-26 21:09:59,Phở.Store,980060725,Preferred(Non-CB),29014176891,"Kem Nghệ, Kem Sâm, Kem Gấc THORAKAO Dưỡng Trắng Sáng, Giảm Mụn, Mờ Sẹo, Giảm Tàn Nhang (Hộp 3g,7g)",139443218609,Normal Product,,Sắc Đẹp,Chăm sóc da mặt,Sản phẩm trị mụn,57000,1,Shopee Comm,,47310,,4.00%,1892.4,0.00%,0,1892.4,5577.6,0,5577.6,,0,0.00%,0,100.00%,5577.6,Hoàn thành,,Đơn hàng từ các Shop khác nhau,Đã tồn tại,,,,,,Websites
2606277744EHFX,Hoàn thành,236248173258278,2026-06-27 15:29:33,2026-07-03 19:14:18,2026-06-26 21:09:59,Phở.Store,980060725,Preferred(Non-CB),29014176891,"Kem Nghệ, Kem Sâm, Kem Gấc THORAKAO Dưỡng Trắng Sáng, Giảm Mụn, Mờ Sẹo, Giảm Tàn Nhang (Hộp 3g,7g)",139443218609,Normal Product,0_460527009083759_1,Sắc Đẹp,Chăm sóc da mặt,Sản phẩm trị mụn,55500,2,Shopee Comm,,92130,,4.00%,3685.2,0.00%,0,3685.2,0,0,0,,0,0.00%,0,100.00%,0,Hoàn thành,,Đơn hàng từ các Shop khác nhau,Đã tồn tại,,,,,,Websites
260627716E8NGG,Đã hủy,236241808208031,2026-06-27 13:43:29,--,2026-06-21 10:46:47,Di Động Việt Official Store,23793258,Shopee Mall(Non-CB),46662676503,"Máy Xay Tỏi Ớt Cầm Tay Bear CX-JE033 (FCH-5N02R35) - Nhỏ Gọn, Xay Nhuyễn Gia Vị - Hàng Chính Hãng",401098434557,Normal Product,,Thiết Bị Điện Gia Dụng,Đồ gia dụng nhà bếp,Máy chế biến thực phẩm & Xay thịt,145000,0,Shopee Comm,,0,116000,4.00%,0,0.00%,0,0,0,0,0,,0,0.00%,0,100.00%,0,Đã hủy,Đơn hàng bị hủy vì giao hàng không thành công.,Đơn hàng từ các Shop khác nhau,Đã tồn tại,,,,,,Websites
2606276N9FG491,Hoàn thành,236229025250639,2026-06-27 10:10:25,2026-06-28 09:07:36,2026-06-20 10:19:00,Quỳnh Kool Mart,500024302,Shopee Mall(Non-CB),29453106730,( Loại 1)  Quạt tích điện kẹp bàn mini để bàn 5 mức độ có đèn led pin 5000 MHA Và 10000 MHA cao cấp,215345953644,Normal Product,,Điện Thoại & Phụ Kiện,Phụ kiện,Quạt USB & Quạt điện thoại,95000,1,Shopee Comm,,42300,,4.00%,1692,0.00%,0,1692,1692,0,1692,,0,0.00%,0,100.00%,1692,Hoàn thành,,Đơn hàng từ các Shop khác nhau,Đã tồn tại,,,,,,Others
2606276J7X5CQU,Hoàn thành,236225752298198,2026-06-27 09:15:51,2026-07-02 13:36:21,2026-06-25 16:41:48,dụng cụ làm bánh Navy,1136134020,Preferred(Non-CB),24355899104,"khuôn nướng bánh,khuôn tròn đế rời",232417605408,Normal Product,,Nhà cửa & Đời sống,Dụng cụ nhà bếp,Dụng cụ nướng & trang trí bánh,45850,1,Shopee Comm,,12095,,4.00%,483.8,0.00%,0,483.8,483.8,0,483.8,,0,0.00%,0,100.00%,483.8,Hoàn thành,,Đơn hàng từ các Shop khác nhau,Đã tồn tại,,,,,,Others
2606275J0UTR2B,Hoàn thành,236191155238718,2026-06-26 23:39:15,2026-07-03 16:07:16,2026-06-25 20:00:59,Dụng Cụ Bấm Lỗ Tai,1326430574,Preferred(Non-CB),27407927370,"Bấm lỗ tai, dụng cụ bấm khuyên tai tại nhà dùng 1 lần cho nam và nữ ( tặng kèm bông tẩm cồn )",280608639505,Normal Product,,Phụ Kiện Thời Trang,Phụ kiện thêm,Khác,23188,1,Shopee Comm,,23188,,4.00%,927.52,0.00%,0,927.52,927.52,0,927.52,,0,0.00%,0,100.00%,927.52,Hoàn thành,,Đơn hàng từ các Shop khác nhau,Đã tồn tại,,,,,,Websites
2606265CRHHGMG,Hoàn thành,236185507293430,2026-06-26 22:05:06,2026-06-29 12:48:11,2026-06-26 13:33:58,TAKA FASHION,1810243956,C2C(Non-CB),56560926179,Taka Fashion Áo Thun Nam Thiết Kế Độc Đáo Phong Cách Hiện Đại Vải Thun Mềm Mại Thoải Mái Cho Nam Giới,350953485202,Normal Product,,Thời Trang Nam,Áo,Áo thun,50740,1,Shopee Comm,,35218,,4.00%,1408.72,0.00%,0,1408.72,1408.72,0,1408.72,,0,0.00%,0,100.00%,1408.72,Hoàn thành,,Đơn hàng từ các Shop khác nhau,Đã tồn tại,,,,,,Websites
2606265CJD2GGR,Hoàn thành,236185301280748,2026-06-26 22:01:41,2026-07-02 11:20:21,2026-06-26 21:48:03,Xuân Kem KB,1030327519,Preferred(Non-CB),28665782001,KEM TẨY HỔ TRỢ TRẮNG DA CỐT THÁI MIX CỐT THÁI Ủ DẦU VÀNG,241894796343,Normal Product,,Sắc Đẹp,Tắm & chăm sóc cơ thể,Kem & sữa dưỡng thể,86000,1,Shopee Comm,,73100,,4.00%,2924,0.00%,0,2924,2924,0,2924,,0,0.00%,0,100.00%,2924,Hoàn thành,,Đơn hàng từ các Shop khác nhau,Đã tồn tại,,,,,,Others
2606265AUM7AST,Hoàn thành,236183463290790,2026-06-26 21:31:03,2026-07-01 17:15:13,2026-06-26 10:22:16,Ruy Băng Shop,373457533,Preferred(Non-CB),25464923097,Túi 36 Miếng dán chống hở mép váy áo cố định trong suốt,245366524039,Normal Product,,Thời Trang Nữ,Đồ lót,Phụ kiện đồ lót,12900,1,Shopee Comm,,12900,,4.00%,516,0.00%,0,516,516,0,516,,0,0.00%,0,100.00%,516,Hoàn thành,,Đơn hàng từ các Shop khác nhau,Đã tồn tại,,,,,,Websites
26062659685N3D,Hoàn thành,236181672264868,2026-06-26 21:01:12,2026-07-01 17:22:21,2026-06-23 09:05:54,Ky_Su_Giay_Shop,1474143153,C2C(Non-CB),26939878241,[Chuẩn Đế] Dép Nam Das Bản Sọc Hàng Siêu Cấp Đẹp Đủ Size 35-43 - Dép Nam Das Full Logo Đế Tăng Chiều Cao Siêu Hot,315699503427,Normal Product,,Giày Dép Nam,Xăng-đan & Dép,Xăng-đan,89600,1,Shopee Comm,,69500,,4.00%,2780,0.00%,0,2780,2780,0,2780,,0,0.00%,0,100.00%,2780,Hoàn thành,,Đơn hàng từ các Shop khác nhau,Đã tồn tại,,,,,,Others
260626547TDQCP,Hoàn thành,236176356251684,2026-06-26 19:32:37,2026-06-27 15:20:34,2026-06-26 12:35:45,Mây Shop 89,1147107957,Preferred(Non-CB),24440035227,[Tặng Nơ] Set Áo Sơ Mi Cổ Cải Màu Kèm Quần Váy Phối Cổ Viền Kèm Dây Nơ Thome Kẻ Đỏ MS08,208508151914,Normal Product,,Thời Trang Nữ,Bộ,Đồ lẻ,119000,1,Shopee Comm,,94400,,4.00%,3776,0.00%,0,3776,3776,0,3776,,0,0.00%,0,100.00%,3776,Hoàn thành,,Đơn hàng từ các Shop khác nhau,Đã tồn tại,,,,,,Google Search
26062653W5Y4TS,Hoàn thành,236175999252174,2026-06-26 19:26:40,2026-07-01 20:04:40,2026-06-26 10:09:33,Gong Bong store,399315216,Preferred(Non-CB),20873941960,Móc treo quần áo chống trượt đệm cầu vai cao su xoay 360 đa năng chất nhựa cao cấp bền bỉ chịu được vật nặng,243722059077,Normal Product,,Nhà cửa & Đời sống,Sắp xếp nhà cửa,Mắc áo,37500,1,Shopee Comm,,8800,,4.00%,352,0.00%,0,352,352,0,352,,0,0.00%,0,100.00%,352,Hoàn thành,,Đơn hàng từ các Shop khác nhau,Đã tồn tại,,,,,,Others
26062653V6FGMY,Hoàn thành,236175966247675,2026-06-26 19:26:06,2026-07-03 12:49:17,2026-06-23 18:46:11,Chill Sound Store,1242418659,C2C(Non-CB),48906363207,Tai Nghe Bluetooth JBL Tune 230NC TWS - Pin 40 Giờ- Kháng Nước IPX4- Bluetooth 5.2-Chống Ồn ANC. BH 2 Năm,254190479085,Normal Product,,Thiết Bị Âm Thanh,Tai nghe nhét tai & chụp tai,,309000,1,Shopee Comm,,199757,,4.00%,7990.28,0.00%,0,7990.28,7990.28,0,7990.28,,0,0.00%,0,100.00%,7990.28,Hoàn thành,,Đơn hàng từ các Shop khác nhau,Đã tồn tại,,,,,,Others
260626518P8Q8P,Hoàn thành,236173164222694,2026-06-26 18:39:24,2026-06-30 13:29:02,2026-06-23 13:50:26,Lẻ Siêu Rẻ 2020,95629974,Preferred(Non-CB),20210137111,🆓 Kệ Để Máy Tính - Kệ Để Laptop - Lắp Ghép Tiện Ích,163172099585,Normal Product,,Nhà cửa & Đời sống,Sắp xếp nhà cửa,Kệ sách để bàn,35999,1,Shopee Comm,,20999,,4.00%,839.96,0.00%,0,839.96,839.96,0,839.96,,0,0.00%,0,100.00%,839.96,Hoàn thành,,Đơn hàng từ các Shop khác nhau,Đã tồn tại,,,,,,Others
2606264P8X1EAT,Hoàn thành,236161361216958,2026-06-26 15:22:41,2026-07-02 10:14:45,2026-06-26 14:28:15,VietTin Mart,74670232,C2C(Non-CB),22545981716,Bim Bim Đậu Xanh Nước Cốt Dừa 250G/500G VIETTIN MART,206828217609,Normal Product,,Thực phẩm và đồ uống,Đồ ăn vặt,Khoai tây lát,25120,1,Shopee Comm,,20096,,4.00%,803.84,0.00%,0,803.84,803.84,0,803.84,,0,0.00%,0,100.00%,803.84,Hoàn thành,,Đơn hàng từ các Shop khác nhau,Đã tồn tại,,,,,,Websites
2606264P8X1EAS,Hoàn thành,236161361216957,2026-06-26 15:22:41,2026-07-02 10:12:23,2026-06-26 14:28:15,VietTin Mart,74670232,C2C(Non-CB),1463112177,Cơm Cháy Mắm Hành Bể VIETTINMART 500G,190303378226,Normal Product,,Thực phẩm và đồ uống,Đồ ăn vặt,Thức ăn khô,62200,1,Shopee Comm,,39305,,4.00%,1572.2,0.00%,0,1572.2,2714.6,0,2714.6,,0,0.00%,0,100.00%,2714.6,Hoàn thành,,Đơn hàng từ các Shop khác nhau,Đã tồn tại,,,,,,Websites
2606264P8X1EAS,Hoàn thành,236161361216957,2026-06-26 15:22:41,2026-07-02 10:12:23,2026-06-26 14:28:15,VietTin Mart,74670232,C2C(Non-CB),6124448821,Khoai Tây Que Phô Mai Viettin Mart 250g,42123447306,Normal Product,,Thực phẩm và đồ uống,Đồ ăn vặt,Khoai tây lát,35700,1,Shopee Comm,,28560,,4.00%,1142.4,0.00%,0,1142.4,0,0,0,,0,0.00%,0,100.00%,0,Hoàn thành,,Đơn hàng từ các Shop khác nhau,Đã tồn tại,,,,,,Websites
2606264KFXCAJN,Hoàn thành,236158375229526,2026-06-26 14:32:55,2026-06-29 11:46:51,2026-06-25 20:07:38,MOTEX.Auto Parts,1582229788,Preferred(Non-CB),29388512614,Găng Tay Chống Nắng UPF50+ Chống Tia UVA UVB Mỏng Nhẹ Thun Lạnh Thoáng Khí Chống Trượt Lái Xe Mở Đầu Ngón Tay Cảm Ứng,275673201561,Normal Product,,Phụ Kiện Thời Trang,Găng tay,,74800,1,Shopee Comm,,49912,,4.00%,1996.48,0.00%,0,1996.48,1996.48,0,1996.48,,0,0.00%,0,100.00%,1996.48,Hoàn thành,,Đơn hàng từ các Shop khác nhau,Đã tồn tại,,,,,,Others
2606264FUHBQGG,Hoàn thành,236154469264812,2026-06-26 13:27:49,2026-06-28 09:44:34,2026-06-23 09:59:12,Rare Beauty ,1112206134,Preferred(Non-CB),20195088284,Sáp Wax Lông Nóng Ánh Tím Cao Cấp RARE BEAUTY Siêu Bám Lông Chuyên Dùng Cho Da Nhạy Cảm,226215805519,Normal Product,,Sắc Đẹp,Tắm & chăm sóc cơ thể,Kem tẩy lông & wax lông,97020,1,Shopee Comm,,62846,,4.00%,2513.84,0.00%,0,2513.84,2513.84,0,2513.84,,0,0.00%,0,100.00%,2513.84,Hoàn thành,,Đơn hàng từ các Shop khác nhau,Đã tồn tại,,,,,,Zalo
26062647X1DPPD,Hoàn thành,236145963274893,2026-06-26 11:06:03,2026-06-27 23:23:42,2026-06-20 11:30:08,BOSSEE STORE CHÍNH HÃNG,1365516731,Shopee Mall(Non-CB),27292230058,Sổ Lò Xo Lật Dọc Bossee Kích Thước A5/B5/A6 160 Trang,248959146735,Normal Product,,Văn Phòng Phẩm,Sổ & Giấy Các Loại,"Tập, Vở Các Loại",32000,1,Shopee Comm,,640,,4.00%,25.6,0.00%,0,25.6,25.6,0,25.6,,0,0.00%,0,100.00%,25.6,Hoàn thành,,Đơn hàng từ các Shop khác nhau,Đã tồn tại,,,,,,Websites
26062647X1DPPC,Hoàn thành,236145963274892,2026-06-26 11:06:03,2026-06-28 13:44:59,2026-06-20 11:30:08,Tổng Kho Gia Dụng GiáTốt,1006795475,C2C(Non-CB),26703561508,Hộp đựng bút để bàn học kệ để đồ học sinh văn phòng phẩm có ngăn kéo tiện lợi decor bàn làm việc,241072880217,Normal Product,,Nhà cửa & Đời sống,Sắp xếp nhà cửa,Kệ sách để bàn,73900,1,Shopee Comm,,1662,,4.00%,66.48,0.00%,0,66.48,66.48,0,66.48,,0,0.00%,0,100.00%,66.48,Hoàn thành,,Đơn hàng từ các Shop khác nhau,Đã tồn tại,,,,,,Websites
26062646Q7PYSQ,Hoàn thành,236144661247557,2026-06-26 10:44:21,2026-06-27 17:05:50,2026-06-25 08:34:04,Tràng An Shop,238294334,Preferred(Non-CB),5588420053,"Combo SET Tẩy Mốc Quần Áo Bộ 3 Gói Gồm Bột Tím + Bột Chanh + Giữ Màu, Tẩy Mốc Ố Vàng Quần Áo Trắng và Màu",75340616067,Normal Product,,Nhà cửa & Đời sống,Dụng cụ chăm sóc nhà cửa,Phụ kiện giặt là,15581,1,Shopee Comm,,0,,4.00%,0,0.00%,0,0,0,0,0,,0,0.00%,0,100.00%,0,Hoàn thành,,Đơn hàng từ các Shop khác nhau,Đã tồn tại,,,,,,Others
2606263RH0S0X6,Hoàn thành,236129420265118,2026-06-26 06:30:20,2026-06-30 05:48:20,2026-06-22 17:00:03,Happy Birds - Văn phòng phẩm,482682184,Preferred(Non-CB),13102161063,"Thẻ flashcard trắng học từ vựng loại dày đẹp, thẻ ghi nhớ flashcard hỗ trợ học tiếng Anh, tiếng Trung, Nhật HappyBird",206072162910,Normal Product,,Văn Phòng Phẩm,Thiết Bị Trường Học,Khác,14900,1,Shopee Comm,,10130,,4.00%,405.2,0.00%,0,405.2,405.2,0,405.2,,0,0.00%,0,100.00%,405.2,Hoàn thành,,Đơn hàng từ các Shop khác nhau,Đã tồn tại,,,,,,Websites
2606263N2BSAEB,Hoàn thành,236125707263604,2026-06-26 05:28:27,2026-07-01 13:18:13,2026-06-24 16:26:13,Holocom,26714497,Shopee Mall(Non-CB),24718381426,Chân Đỡ Ipad Tripod Điện Thoại 360 Độ Kiêm Tripod Máy Ảnh Dùng Để Livestream Chụp Ảnh Quay Video Cao 180cm-HOLOCOM,214961972912,Normal Product,,Cameras & Flycam,Phụ kiện máy ảnh,Chân máy ảnh,400000,1,Shopee Comm,,280000,,4.00%,11200,0.00%,0,11200,11200,0,11200,,0,0.00%,0,100.00%,11200,Hoàn thành,,Đơn hàng từ các Shop khác nhau,Đã tồn tại,,,,,,Others
2606252XKUNJD0,Hoàn thành,236101598283174,2026-06-25 22:46:38,2026-07-01 11:32:21,2026-06-25 16:09:40,Giấy Hải Tiến,316151284,Shopee Mall(Non-CB),29926541500,"HẢI TIẾN Vở kẻ ngang Haplus - Taro (80, 120, 200 trang) - Giấy chống lóa",166972745583,Normal Product,,Văn Phòng Phẩm,Sổ & Giấy Các Loại,"Tập, Vở Các Loại",23700,1,Shopee Comm,,0,,4.00%,0,0.00%,0,0,0,0,0,,0,0.00%,0,100.00%,0,Hoàn thành,,Đơn hàng từ các Shop khác nhau,Đã tồn tại,,,,,,Websites
2606252S28QKN9,Hoàn thành,236095639296523,2026-06-25 21:07:19,2026-07-06 13:22:00,2026-06-24 15:53:38,Tiệm ảnh Wiwi,217754201,C2C(Non-CB),45707777337,"In ảnh mini theo yêu cầu - Ảnh giấy lụa cao cấp - In ảnh từ điện thoại, ảnh để ví, ốp Wiwi",365689777840,Normal Product,,Nhà cửa & Đời sống,Trang trí nhà cửa,Khung ảnh & vật trang trí tường,1980,7,Shopee Comm,,12072,,4.00%,482.88,0.00%,0,482.88,3189.72,0,3189.72,,0,0.00%,0,100.00%,3189.72,Hoàn thành,,Đơn hàng từ các Shop khác nhau,Đã tồn tại,,,,,,Websites
2606252S28QKN9,Hoàn thành,236095639296523,2026-06-25 21:07:19,2026-07-06 13:22:00,2026-06-24 15:53:38,Tiệm ảnh Wiwi,217754201,C2C(Non-CB),45707777337,"In ảnh mini theo yêu cầu - Ảnh giấy lụa cao cấp - In ảnh từ điện thoại, ảnh để ví, ốp Wiwi",365689777833,Normal Product,,Nhà cửa & Đời sống,Trang trí nhà cửa,Khung ảnh & vật trang trí tường,2376,7,Shopee Comm,,14482,,4.00%,579.28,0.00%,0,579.28,0,0,0,,0,0.00%,0,100.00%,0,Hoàn thành,,Đơn hàng từ các Shop khác nhau,Đã tồn tại,,,,,,Websites
2606252S28QKN9,Hoàn thành,236095639296523,2026-06-25 21:07:19,2026-07-06 13:22:00,2026-06-24 15:53:38,Tiệm ảnh Wiwi,217754201,C2C(Non-CB),45707777337,"In ảnh mini theo yêu cầu - Ảnh giấy lụa cao cấp - In ảnh từ điện thoại, ảnh để ví, ốp Wiwi",365689777834,Normal Product,,Nhà cửa & Đời sống,Trang trí nhà cửa,Khung ảnh & vật trang trí tường,2970,7,Shopee Comm,,18103,,4.00%,724.12,0.00%,0,724.12,0,0,0,,0,0.00%,0,100.00%,0,Hoàn thành,,Đơn hàng từ các Shop khác nhau,Đã tồn tại,,,,,,Websites
2606252S28QKN9,Hoàn thành,236095639296523,2026-06-25 21:07:19,2026-07-06 13:22:00,2026-06-24 15:53:38,Tiệm ảnh Wiwi,217754201,C2C(Non-CB),45707777337,"In ảnh mini theo yêu cầu - Ảnh giấy lụa cao cấp - In ảnh từ điện thoại, ảnh để ví, ốp Wiwi",365689777838,Normal Product,,Nhà cửa & Đời sống,Trang trí nhà cửa,Khung ảnh & vật trang trí tường,3069,7,Shopee Comm,,18707,,4.00%,748.28,0.00%,0,748.28,0,0,0,,0,0.00%,0,100.00%,0,Hoàn thành,,Đơn hàng từ các Shop khác nhau,Đã tồn tại,,,,,,Websites
2606252S28QKN9,Hoàn thành,236095639296523,2026-06-25 21:07:19,2026-07-06 13:22:00,2026-06-24 15:53:38,Tiệm ảnh Wiwi,217754201,C2C(Non-CB),45707777337,"In ảnh mini theo yêu cầu - Ảnh giấy lụa cao cấp - In ảnh từ điện thoại, ảnh để ví, ốp Wiwi",365689777839,Normal Product,,Nhà cửa & Đời sống,Trang trí nhà cửa,Khung ảnh & vật trang trí tường,3762,5,Shopee Comm,,16379,,4.00%,655.16,0.00%,0,655.16,0,0,0,,0,0.00%,0,100.00%,0,Hoàn thành,,Đơn hàng từ các Shop khác nhau,Đã tồn tại,,,,,,Websites
2606252RFW7HJ4,Hoàn thành,236095023259985,2026-06-25 20:57:04,2026-07-03 11:00:11,2026-06-25 11:42:57,ESTELLE Việt Nam Chính Hãng,1168318913,C2C(Non-CB),49911519021,Gói Bảo Hành 2 Năm Thiết Bị Điện Tử Miễn Phí Tông Đơ Cắt Tóc Gia Đình JICHEN,138471864546,Normal Product,458245924274252_0_0,Sắc Đẹp,Chăm sóc nam giới,Sản phẩm cạo râu & hớt tóc,0,1,Shopee Comm,,0,,4.00%,0,0.00%,0,0,3294.92,0,3294.92,,0,0.00%,0,100.00%,3294.92,Hoàn thành,,Đơn hàng từ các Shop khác nhau,Đã tồn tại,,,,,,Others
2606252RFW7HJ4,Hoàn thành,236095023259985,2026-06-25 20:57:04,2026-07-03 11:00:11,2026-06-25 11:42:57,ESTELLE Việt Nam Chính Hãng,1168318913,C2C(Non-CB),49911519021,Gói Bảo Hành 2 Năm Thiết Bị Điện Tử Miễn Phí Tông Đơ Cắt Tóc Gia Đình JICHEN,138471864547,Normal Product,458245924274252_0_0,Sắc Đẹp,Chăm sóc nam giới,Sản phẩm cạo râu & hớt tóc,0,1,Shopee Comm,,0,,4.00%,0,0.00%,0,0,0,0,0,,0,0.00%,0,100.00%,0,Hoàn thành,,Đơn hàng từ các Shop khác nhau,Đã tồn tại,,,,,,Others
2606252RFW7HJ4,Hoàn thành,236095023259985,2026-06-25 20:57:04,2026-07-03 11:00:11,2026-06-25 11:42:57,ESTELLE Việt Nam Chính Hãng,1168318913,C2C(Non-CB),49911519021,Gói Bảo Hành 2 Năm Thiết Bị Điện Tử Miễn Phí Tông Đơ Cắt Tóc Gia Đình JICHEN,138471864548,Normal Product,458245924274252_0_0,Sắc Đẹp,Chăm sóc nam giới,Sản phẩm cạo râu & hớt tóc,0,1,Shopee Comm,,0,,4.00%,0,0.00%,0,0,0,0,0,,0,0.00%,0,100.00%,0,Hoàn thành,,Đơn hàng từ các Shop khác nhau,Đã tồn tại,,,,,,Others
2606252RFW7HJ4,Hoàn thành,236095023259985,2026-06-25 20:57:04,2026-07-03 11:00:11,2026-06-25 11:42:57,ESTELLE Việt Nam Chính Hãng,1168318913,C2C(Non-CB),28629176987,Tông Đơ Cắt Tóc Gia Đình JICHEN - Máy Hớt Tóc Trẻ Em Tại Nhà Sạc Pin Kèm Phụ Kiện Bảo Hành 12 Tháng,277454316093,Normal Product,458245924274252_0_0,Mẹ & Bé,Đồ dùng phòng tắm & Chăm sóc cơ thể bé,Bộ chăm sóc trẻ sơ sinh,125000,1,Shopee Comm,,82373,,4.00%,3294.92,0.00%,0,3294.92,0,0,0,,0,0.00%,0,100.00%,0,Hoàn thành,,Đơn hàng từ các Shop khác nhau,Đã tồn tại,,,,,,Others
2606252RFW7HJ4,Hoàn thành,236095023259985,2026-06-25 20:57:04,2026-07-03 11:00:11,2026-06-25 11:42:57,ESTELLE Việt Nam Chính Hãng,1168318913,C2C(Non-CB),44811485348,Gói Bảo Hành 2 Năm Thiết Bị Điện Tử Miễn Phí Bộ Áo Điều Hòa Đủ Size Kèm Bộ Pin Quạt Japan,390996504053,Normal Product,458245924274252_0_0,Thiết Bị Điện Gia Dụng,Thiết bị điện gia dụng lớn,Thiết bị làm mát,0,1,Shopee Comm,,0,,4.00%,0,0.00%,0,0,0,0,0,,0,0.00%,0,100.00%,0,Hoàn thành,,Đơn hàng từ các Shop khác nhau,Đã tồn tại,,,,,,Others
2606252RFW7HJ4,Hoàn thành,236095023259985,2026-06-25 20:57:04,2026-07-03 11:00:11,2026-06-25 11:42:57,ESTELLE Việt Nam Chính Hãng,1168318913,C2C(Non-CB),44811485348,Gói Bảo Hành 2 Năm Thiết Bị Điện Tử Miễn Phí Bộ Áo Điều Hòa Đủ Size Kèm Bộ Pin Quạt Japan,390996504054,Normal Product,458245924274252_0_0,Thiết Bị Điện Gia Dụng,Thiết bị điện gia dụng lớn,Thiết bị làm mát,0,1,Shopee Comm,,0,,4.00%,0,0.00%,0,0,0,0,0,,0,0.00%,0,100.00%,0,Hoàn thành,,Đơn hàng từ các Shop khác nhau,Đã tồn tại,,,,,,Others
2606252RFW7HJ4,Hoàn thành,236095023259985,2026-06-25 20:57:04,2026-07-03 11:00:11,2026-06-25 11:42:57,ESTELLE Việt Nam Chính Hãng,1168318913,C2C(Non-CB),44811485348,Gói Bảo Hành 2 Năm Thiết Bị Điện Tử Miễn Phí Bộ Áo Điều Hòa Đủ Size Kèm Bộ Pin Quạt Japan,390996504055,Normal Product,458245924274252_0_0,Thiết Bị Điện Gia Dụng,Thiết bị điện gia dụng lớn,Thiết bị làm mát,0,1,Shopee Comm,,0,,4.00%,0,0.00%,0,0,0,0,0,,0,0.00%,0,100.00%,0,Hoàn thành,,Đơn hàng từ các Shop khác nhau,Đã tồn tại,,,,,,Others
2606252RFW7HJ4,Hoàn thành,236095023259985,2026-06-25 20:57:04,2026-07-03 11:00:11,2026-06-25 11:42:57,ESTELLE Việt Nam Chính Hãng,1168318913,C2C(Non-CB),49560783472,Quà Tặng Đơn 0Đ - Màng Bọc Thực Phẩm Có Chun Co Giãn Chùm Đầu Bảo Quản Thực Phẩm,310941932690,Normal Product,458245924274252_0_0,Nhà cửa & Đời sống,Dụng cụ nhà bếp,Màng bọc thực phẩm,0,1,Shopee Comm,,0,,4.00%,0,0.00%,0,0,0,0,0,,0,0.00%,0,100.00%,0,Hoàn thành,,Đơn hàng từ các Shop khác nhau,Đã tồn tại,,,,,,Others
2606252QWNKSM8,Hoàn thành,236094411286362,2026-06-25 20:46:51,2026-06-29 11:14:42,2026-06-19 09:54:14,Nối mi Nghĩa Khang,958910131,Preferred(Non-CB),27420309966,"Miếng dán tóc, dán mái tự dính đa năng tiện lợi giúp cố định tóc khi nối mi và trang điểm, rửa mặt...",260574353354,Normal Product,,Phụ Kiện Thời Trang,Phụ kiện tóc,Khác,9900,1,Shopee Comm,,0,,4.00%,0,0.00%,0,0,0,0,0,,0,0.00%,0,100.00%,0,Hoàn thành,,Đơn hàng từ các Shop khác nhau,Đã tồn tại,,,,,,Others
2606252PCY8JVQ,Hoàn thành,236092777234876,2026-06-25 20:19:37,2026-06-28 12:02:38,2026-06-24 13:01:57,Nhà Sách 279,483558617,Shopee Mall(Non-CB),19582101466,Sách - Chuyên đề học tập vật lí 10 - Kết nối tri thức với cuộc sống,235437400144,Normal Product,,Sách & Tạp Chí,Sách,Sách Giáo Dục,23100,1,Shopee Comm,,0,,4.00%,0,0.00%,0,0,0,0,0,,0,0.00%,0,100.00%,0,Hoàn thành,,Đơn hàng từ các Shop khác nhau,Đã tồn tại,,,,,,Websites
2606252J9S58AC,Hoàn thành,236088375203797,2026-06-25 19:06:16,2026-06-30 11:01:10,2026-06-21 00:24:33,beacolor.vn,869724763,Preferred(CB),26104508228,"[Lens cận] Kính Áp tròng MCK1 UYAAI màu xám ngọc trai mắt to 14,5mm có thể sử dụng trong một năm 0,00--4,00",158694251365,Normal Product,,Sức Khỏe,Chăm sóc cá nhân,Chăm sóc mắt,60520,1,XTRA Comm,,32956,,4.00%,1318.24,6.50%,2142.14,3460.38,1318.24,2142.14,3460.38,,0,0.00%,0,100.00%,3460.38,Hoàn thành,,Đơn hàng từ các Shop khác nhau,Đã tồn tại,,,,,,Others
2606252HEMDQ6P,Hoàn thành,236087464278079,2026-06-25 18:51:04,2026-07-01 11:06:00,2026-06-20 16:48:43,Kho Gia Dụng Gía TỐT,473618103,C2C(Non-CB),51051670771,Kệ Để Cốc Và Bàn Chải Gắn Tường Đa Năng Phù Hợp Với Mọi Không Gian,380151778325,Normal Product,,Nhà cửa & Đời sống,Đồ dùng phòng tắm,"Kệ đựng bàn chải, kệ nhả kem đánh răng",50120,1,Shopee Comm,,20120,,4.00%,804.8,0.00%,0,804.8,804.8,0,804.8,,0,0.00%,0,100.00%,804.8,Hoàn thành,,Đơn hàng từ các Shop khác nhau,Đã tồn tại,,,,,,Others
2606252E8G5W3P,Hoàn thành,236084037268690,2026-06-25 17:53:57,2026-06-27 17:05:32,2026-06-23 20:57:16,MOBOMIXI.vn,1530171505,C2C(CB),57261144121,Thích hợp cho Samsung A23 A13 A06 A03 A04 A05 A03S A05S A07 A02 A17 A12 A13 A14 A15 A16 A22 A52 A25 A35 A55 A30 A20 A50 A51 A31 ,445971635704,Normal Product,,Điện Thoại & Phụ Kiện,Phụ kiện,"Vỏ bao, Ốp lưng & Miếng dán",19549,1,Shopee Comm,,0,,4.00%,0,0.00%,0,0,0,0,0,,0,0.00%,0,100.00%,0,Hoàn thành,,Đơn hàng từ các Shop khác nhau,Đã tồn tại,,,,,,Others
2606252ARRUQVX,Hoàn thành,236080288270249,2026-06-25 16:51:29,2026-06-27 16:26:40,2026-06-24 14:22:19,Thiên Long Official Store,101480242,Shopee Mall(Non-CB),23576151443,"Combo 5/10/20 Bút Gel Thiên Long GEL-B011 ngòi 0.5mm mực xanh/đỏ/đen kiểu dáng đơn giản, có đệm mềm giúp cầm tay êm",186940060205,Normal Product,,Văn Phòng Phẩm,Bút Các Loại,Bút & Mực,27000,1,Shopee Comm,,19507,,4.00%,780.28,0.00%,0,780.28,780.28,0,780.28,,0,0.00%,0,100.00%,780.28,Hoàn thành,,Đơn hàng từ các Shop khác nhau,Đã tồn tại,,,,,,Zalo
26062529R5HNV3,Hoàn thành,236079194286705,2026-06-25 16:33:14,2026-06-30 12:53:33,2026-06-24 21:47:31,Mỹ Phẩm Hồng Phát,1495357836,Preferred(Non-CB),22490728817,Sữa Tắm Gói E100 – Combo 55 Gói x 4ml – 3 Màu – Dưỡng Da Mịn Màng – Dễ Mang Theo,138273805108,Normal Product,,Sắc Đẹp,Tắm & chăm sóc cơ thể,Xà phòng & sữa tắm,40000,1,Shopee Comm,,32000,,4.00%,1280,0.00%,0,1280,1280,0,1280,,0,0.00%,0,100.00%,1280,Hoàn thành,,Đơn hàng từ các Shop khác nhau,Đã tồn tại,,,,,,Zalo
2606252773J2JU,Hoàn thành,236076474285017,2026-06-25 15:47:54,2026-06-30 15:29:00,2026-06-22 11:07:42,MỸ PHẨM MINH CHÂU 2,233342666,C2C(Non-CB),25975580920,thun buột tóc,222711714227,Normal Product,,Phụ Kiện Thời Trang,Phụ kiện tóc,Đồ buộc tóc & Nơ,6000,1,Shopee Comm,,1000,,4.00%,40,0.00%,0,40,40,0,40,,0,0.00%,0,100.00%,40,Hoàn thành,,Đơn hàng từ các Shop khác nhau,Đã tồn tại,,,,,,Websites
26062526G90QKG,Hoàn thành,236075708252925,2026-06-25 15:35:09,2026-07-01 13:30:18,2026-06-24 15:55:01,Gian Hàng Bình Yên,1502185307,C2C(Non-CB),46451711994,"Găng tay chống nắng nam nữ, ống tay chống tia UV, thun lạnh, co giãn 4 chiều chính hiệu Luxury Korea",355155015151,Normal Product,,Phụ Kiện Thời Trang,Găng tay,,10000,1,Shopee Comm,,0,,4.00%,0,0.00%,0,0,0,0,0,,0,0.00%,0,100.00%,0,Hoàn thành,,Đơn hàng từ các Shop khác nhau,Đã tồn tại,,,,,,Websites
2606251X51D66R,Hoàn thành,236066741241711,2026-06-25 13:05:41,2026-06-30 10:06:22,2026-06-22 17:32:43,iStoneforEdu,1776702232,Preferred(Non-CB),46658100213,Điện Thoại Di Động A17 LTE - Hàng Chính Hãng,401085349193,Normal Product,,Điện Thoại & Phụ Kiện,Điện thoại,,4560000,1,Shopee Comm,,3556800,,4.00%,40000,0.00%,0,40000,40000,0,40000,,0,0.00%,0,100.00%,40000,Hoàn thành,,Đơn hàng từ các Shop khác nhau,Đã tồn tại,,,,,,Others
2606251VFPC07C,Hoàn thành,236064951288540,2026-06-25 12:35:51,2026-06-30 16:10:45,2026-06-25 06:55:53,"Xưởng May Áo Nắng,Áo polo",23190430,Preferred(Non-CB),27976120472,"Áo chống nắng UMI su cao cấp, áo nữ dày dặn form xòe trẻ trung chống UV vải mềm mát mới nhất 2025",242634072507,Normal Product,,Thời Trang Nữ,Áo khoác,Áo khoác ngoài,108999,1,Shopee Comm,,67189,,4.00%,2687.56,0.00%,0,2687.56,2687.56,0,2687.56,,0,0.00%,0,100.00%,2687.56,Hoàn thành,,Đơn hàng từ các Shop khác nhau,Đã tồn tại,,,,,,Others
2606251UQ3H0WA,Hoàn thành,236064126229306,2026-06-25 12:22:06,2026-07-01 10:34:35,2026-06-24 09:21:43,ABICA STORE,341024473,Preferred(Non-CB),11969398404,"Kính mắt nữ nam,mắt kính không độ thời trang nam nữ gọng vuông chống tia UV phong cách Hàn Quốc ABICA 072",27977181477,Normal Product,,Phụ Kiện Thời Trang,Kính mắt,Gọng kính,28900,1,Shopee Comm,,17030,,4.00%,681.2,0.00%,0,681.2,681.2,0,681.2,,0,0.00%,0,100.00%,681.2,Hoàn thành,,Đơn hàng từ các Shop khác nhau,Đã tồn tại,,,,,,Websites
2606251U19DY7T,Hoàn thành,236063394217591,2026-06-25 12:09:55,2026-06-26 13:21:40,2026-06-23 23:06:10,The QA Step,41669104,Preferred(Non-CB),57559843559,"Set Sticker Gắn Dép Lỗ, Charm 3D Trang Trí Phụ Kiện Nhiều Chủ Đề Siêu Xinh (Heo Hồng, Đại Dương, Hoạt Hình..",310959536770,Normal Product,,Giày Dép Nữ,Phụ kiện & chăm sóc giày,Khác,47200,1,Shopee Comm,,41536,,4.00%,1661.44,0.00%,0,1661.44,1661.44,0,1661.44,,0,0.00%,0,100.00%,1661.44,Hoàn thành,,Đơn hàng từ các Shop khác nhau,Đã tồn tại,,,,,,Others
2606251NJ9GYMD,Hoàn thành,236057522292237,2026-06-25 10:32:02,2026-07-01 16:41:29,2026-06-24 09:23:32,ĐỒ BỘ THU HÀ,459531266,Preferred(Non-CB),25344545655,"Bigsize 40-85kg Đồ bộ lụa cổ yếm in 5d nhiều hoạ tiết,chất vải phi lụa loại 1,",249182396327,Normal Product,,Thời Trang Nữ,Bộ,Đồ lẻ,89000,1,Shopee Comm,,72980,,4.00%,2919.2,0.00%,0,2919.2,8757.6,0,8757.6,,0,0.00%,0,100.00%,8757.6,Hoàn thành,,Đơn hàng từ các Shop khác nhau,Đã tồn tại,,,,,,Others
2606251NJ9GYMD,Hoàn thành,236057522292237,2026-06-25 10:32:02,2026-07-01 16:41:29,2026-06-24 09:23:32,ĐỒ BỘ THU HÀ,459531266,Preferred(Non-CB),25344545655,"Bigsize 40-85kg Đồ bộ lụa cổ yếm in 5d nhiều hoạ tiết,chất vải phi lụa loại 1,",292488508728,Normal Product,,Thời Trang Nữ,Bộ,Đồ lẻ,89000,1,Shopee Comm,,72980,,4.00%,2919.2,0.00%,0,2919.2,0,0,0,,0,0.00%,0,100.00%,0,Hoàn thành,,Đơn hàng từ các Shop khác nhau,Đã tồn tại,,,,,,Others
2606251NJ9GYMD,Hoàn thành,236057522292237,2026-06-25 10:32:02,2026-07-01 16:41:29,2026-06-24 09:23:32,ĐỒ BỘ THU HÀ,459531266,Preferred(Non-CB),25344545655,"Bigsize 40-85kg Đồ bộ lụa cổ yếm in 5d nhiều hoạ tiết,chất vải phi lụa loại 1,",380495949372,Normal Product,,Thời Trang Nữ,Bộ,Đồ lẻ,89000,1,Shopee Comm,,72980,,4.00%,2919.2,0.00%,0,2919.2,0,0,0,,0,0.00%,0,100.00%,0,Hoàn thành,,Đơn hàng từ các Shop khác nhau,Đã tồn tại,,,,,,Others
2606250K0AKQJK,Hoàn thành,236020412226833,2026-06-25 00:13:32,2026-06-30 00:14:54,2026-06-21 12:06:40,Mỹ phẩm khang 92,1742868827,C2C(Non-CB),57106035421,"Mini size CARSLAN phấn phủ, kem lót, kem nền, nâng tone, son, mascara, kẹp mi, mút trang điểm...",59601593179,Normal Product,,Sắc Đẹp,Dụng cụ làm đẹp,Dụng cụ trang điểm,53000,1,Shopee Comm,,3058,,4.00%,122.32,0.00%,0,122.32,122.32,0,122.32,,0,0.00%,0,100.00%,122.32,Hoàn thành,,Đơn hàng từ các Shop khác nhau,Mới,,,,,,Others
2606250K0AKQJJ,Hoàn thành,236020412226832,2026-06-25 00:13:32,2026-06-29 16:39:50,2026-06-21 12:06:40,DUDUBEAUTY - Makeup chiết,1198259089,C2C(Non-CB),29054672628,Kem Che khuyết điểm The Saem Cover Perfection Tip Concealer SPF28 6.5g [DUDUBEAUTY],256151282067,Normal Product,464013272625572_0_0,Sắc Đẹp,Trang điểm,Trang điểm mặt,31900,1,Shopee Comm,,1842,,4.00%,73.68,0.00%,0,73.68,73.68,0,73.68,,0,0.00%,0,100.00%,73.68,Hoàn thành,,Đơn hàng từ các Shop khác nhau,Mới,,,,,,Others
2606250K0AKQJJ,Hoàn thành,236020412226832,2026-06-25 00:13:32,2026-06-29 16:39:50,2026-06-21 12:06:40,DUDUBEAUTY - Makeup chiết,1198259089,C2C(Non-CB),56112582657,(Quà tặng) 1 Chiếc mút xỏ ngón mini tiện dụng Dudubeauty,401093236948,Normal Product,464013272625572_0_0,Sắc Đẹp,Dụng cụ làm đẹp,Dụng cụ trang điểm,0,1,Shopee Comm,,0,,4.00%,0,0.00%,0,0,0,0,0,,0,0.00%,0,100.00%,0,Hoàn thành,,Đơn hàng từ các Shop khác nhau,Mới,,,,,,Others
2606250JA7133Q,Đã hủy,236019670279496,2026-06-25 00:01:11,--,2026-06-23 01:37:09,SANCOOL Official Store,1012575233,Shopee Mall(Non-CB),19894247152,Áo Thun Local Brand Sancool Unisex Premium Cotton Sancoolteamltd - SC032,79709196983,Normal Product,,Thời Trang Nam,Áo,Áo thun,205000,0,Shopee Comm,,0,128162,4.00%,0,0.00%,0,0,0,0,0,,0,0.00%,0,100.00%,0,Đã hủy,Đơn hàng không hợp lệ.,Đơn hàng từ các Shop khác nhau,Đã tồn tại,,,,,,TikTok
2606240CTBCR6D,Hoàn thành,236013769268469,2026-06-24 22:22:49,2026-07-01 06:48:52,2026-06-24 10:14:42,TOPWAX VIET NAM,1358024973,Shopee Mall(Non-CB),25690488126,"Sáp Wax Lông TOP WAX COCO WAX  HƯƠNG DỪA 500G - Tặng Bộ Dụng Cụ Wax Chuyên Dụng,Wax Lông Tay Chân Nách An Toàn Hiệu Quả",275566005366,Normal Product,,Sắc Đẹp,Tắm & chăm sóc cơ thể,Kem tẩy lông & wax lông,79900,1,Shopee Comm,,67915,,4.00%,2716.6,0.00%,0,2716.6,2716.6,0,2716.6,,0,0.00%,0,100.00%,2716.6,Hoàn thành,,Đơn hàng từ các Shop khác nhau,Đã tồn tại,,,,,,Websites
2606240844VTV8,Hoàn thành,236008729299662,2026-06-24 20:58:49,2026-07-01 14:38:53,2026-06-24 07:57:30,HUHA Store,26282978,C2C(Non-CB),26604572120,[COMBO 5] SET 2 Miếng dán cố định tóc khi trang điểm,292186776026,Normal Product,,Phụ Kiện Thời Trang,Phụ kiện tóc,Khác,4900,1,Shopee Comm,,0,,4.00%,0,0.00%,0,0,0,0,0,,0,0.00%,0,100.00%,0,Hoàn thành,,Đơn hàng từ các Shop khác nhau,Đã tồn tại,,,,,,Websites
2606240844VTV7,Hoàn thành,236008729299662,2026-06-24 20:58:49,2026-06-30 14:38:56,2026-06-24 07:57:30,Kính mắt Candy,203796246,Preferred(Non-CB),3010360706,Bộ gài mắt kính silicon giữ kính chống rơi khi hoạt động mạnh – Kính mắt Candy,222593743058,Normal Product,,Phụ Kiện Thời Trang,Kính mắt,Khác,10000,1,Shopee Comm,,0,,4.00%,0,0.00%,0,0,0,0,0,,0,0.00%,0,100.00%,0,Hoàn thành,,Đơn hàng từ các Shop khác nhau,Đã tồn tại,,,,,,Websites
26062401NQNUUT,Hoàn thành,236001803213419,2026-06-24 19:03:24,2026-06-29 18:28:03,2026-06-24 18:52:35,MoonBook- Top 1 sách luyện thi,172171368,Shopee Mall(Non-CB),46750605600,Sách Tự học Từ vựng Tiếng Anh - Word Formation - Moonbook,395050356725,Normal Product,,Sách & Tạp Chí,Sách,Sách Học Ngoại Ngữ & Từ Điển,119200,1,Shopee Comm,,92820,,4.00%,3712.8,0.00%,0,3712.8,3712.8,0,3712.8,,0,0.00%,0,100.00%,3712.8,Hoàn thành,,Đơn hàng từ cùng một Shop,Đã tồn tại,,,,,,Websites
260624VNJUM45R,Hoàn thành,235985254208886,2026-06-24 14:27:35,2026-06-26 15:27:13,2026-06-19 12:47:32,AURYA,1053757250,Preferred(Non-CB),43454931983,Áo babydoll nữ kiểu Linen tay phồng nơ ngực công chúa phong cách - AURYA,305495815007,Normal Product,,Thời Trang Nữ,Áo,Áo sơ mi,162000,1,Shopee Comm,,27103,,4.00%,1084.12,0.00%,0,1084.12,1084.12,0,1084.12,,0,0.00%,0,100.00%,1084.12,Hoàn thành,,Đơn hàng từ các Shop khác nhau,Đã tồn tại,,,,,,TikTok
260624VHRFUCGV,Hoàn thành,235981148218202,2026-06-24 13:19:09,2026-06-28 09:32:12,2026-06-24 13:17:25,Greenbox Nhà Cửa,850163622,Shopee Mall(Non-CB),15795646466,"Nước giặt thuần chay dịu nhẹ giặt sạch vết bẩn trên đồ lót và quần áo giữ bền dáng đồ Earth Choice Úc, chai x .1L",243800704084,Normal Product,,Nhà cửa & Đời sống,Dụng cụ chăm sóc nhà cửa,Phụ kiện giặt là,117000,1,Shopee Comm,,75710,,4.00%,3028.4,0.00%,0,3028.4,3028.4,0,3028.4,,0,0.00%,0,100.00%,3028.4,Hoàn thành,,Đơn hàng từ các Shop khác nhau,Đã tồn tại,,,,,,Others
260624VBRBGADX,Hoàn thành,235974701210980,2026-06-24 11:31:41,2026-06-27 17:26:43,2026-06-17 13:28:13,Tổng Kho Hạt Giống F1,1036761136,Preferred(Non-CB),25869876461,Hạt giống củ cải đỏ (tặng kèm phân),285774703425,Normal Product,,Nhà cửa & Đời sống,Làm vườn,Hạt giống & chất hỗ trợ trồng cây,1000,1,Shopee Comm,,450,,4.00%,18,0.00%,0,18,18,0,18,,0,0.00%,0,100.00%,18,Hoàn thành,,Đơn hàng từ các Shop khác nhau,Đã tồn tại,,,,,,TikTok
260624VBRBGADW,Hoàn thành,235974701210979,2026-06-24 11:31:41,2026-06-27 17:27:51,2026-06-17 13:28:13,Cửa Hàng Hạt Giống Uy Tín,423918215,Preferred(Non-CB),27657041452,"Hạt giống cà chua cherry, cà chua đen các loại cà chua dễ trồng, dễ chăm, thu hoạch sớm, ít sâu bệnh",280569313155,Normal Product,,Nhà cửa & Đời sống,Làm vườn,Hạt giống & chất hỗ trợ trồng cây,1000,1,Shopee Comm,,450,,4.00%,18,0.00%,0,18,18,0,18,,0,0.00%,0,100.00%,18,Hoàn thành,,Đơn hàng từ các Shop khác nhau,Đã tồn tại,,,,,,TikTok
260624VBRBGADU,Hoàn thành,235974701210977,2026-06-24 11:31:41,2026-06-28 15:46:23,2026-06-17 13:28:13,Tổng Kho Hạt Giống F1,1036761136,Preferred(Non-CB),19382959608,"[50 Hạt] Hạt giống cà chua bi chùm, cà chua chuỗi ngọc siêu trái f1 (Tặng kèm phân bón)",275766401425,Normal Product,,Nhà cửa & Đời sống,Làm vườn,Hạt giống & chất hỗ trợ trồng cây,1000,1,Shopee Comm,,450,,4.00%,18,0.00%,0,18,54,0,54,,0,0.00%,0,100.00%,54,Hoàn thành,,Đơn hàng từ các Shop khác nhau,Đã tồn tại,,,,,,TikTok
260624VBRBGADU,Hoàn thành,235974701210977,2026-06-24 11:31:41,2026-06-28 15:46:23,2026-06-17 13:28:13,Tổng Kho Hạt Giống F1,1036761136,Preferred(Non-CB),22151514204,"50H Hạt giống đậu cove lùn, đậu cove bụi siêu trái (Tặng kèm phân bón kích mầm)",275774895648,Normal Product,,Nhà cửa & Đời sống,Làm vườn,Hạt giống & chất hỗ trợ trồng cây,1000,1,Shopee Comm,,450,,4.00%,18,0.00%,0,18,0,0,0,,0,0.00%,0,100.00%,0,Hoàn thành,,Đơn hàng từ các Shop khác nhau,Đã tồn tại,,,,,,TikTok
260624VBRBGADU,Hoàn thành,235974701210977,2026-06-24 11:31:41,2026-06-28 15:46:23,2026-06-17 13:28:13,Tổng Kho Hạt Giống F1,1036761136,Preferred(Non-CB),23076758500,"Hạt giống măng tây f1 (50 hạt) 3 loại (Xanh,Tím,Trắng) Tổng kho hạt giống f1",265770523789,Normal Product,,Nhà cửa & Đời sống,Làm vườn,Hạt giống & chất hỗ trợ trồng cây,1000,1,Shopee Comm,,450,,4.00%,18,0.00%,0,18,0,0,0,,0,0.00%,0,100.00%,0,Hoàn thành,,Đơn hàng từ các Shop khác nhau,Đã tồn tại,,,,,,TikTok
260624VBRBGADT,Hoàn thành,235974701210976,2026-06-24 11:31:41,2026-06-28 17:06:21,2026-06-17 13:28:13,#Hạt_Giống_Việt_Nhập_F1,791037645,Preferred(Non-CB),18429751487,#Hạt_Giống_Cải_Bó_Xôi F1 thu hoạch sau 2 tháng gieo hạt,48978252198,Normal Product,,Nhà cửa & Đời sống,Làm vườn,Hạt giống & chất hỗ trợ trồng cây,1000,1,Shopee Comm,,450,,4.00%,18,0.00%,0,18,72,0,72,,0,0.00%,0,100.00%,72,Hoàn thành,,Đơn hàng từ các Shop khác nhau,Đã tồn tại,,,,,,TikTok
260624VBRBGADT,Hoàn thành,235974701210976,2026-06-24 11:31:41,2026-06-28 17:06:21,2026-06-17 13:28:13,#Hạt_Giống_Việt_Nhập_F1,791037645,Preferred(Non-CB),19129147523,#Hạt_Giống_Mướp_Đắng_Da_Cóc_F1 thu hoạch sau 2 tháng gieo hạt,126406434812,Normal Product,,Nhà cửa & Đời sống,Làm vườn,Hạt giống & chất hỗ trợ trồng cây,1000,1,Shopee Comm,,450,,4.00%,18,0.00%,0,18,0,0,0,,0,0.00%,0,100.00%,0,Hoàn thành,,Đơn hàng từ các Shop khác nhau,Đã tồn tại,,,,,,TikTok
260624VBRBGADT,Hoàn thành,235974701210976,2026-06-24 11:31:41,2026-06-28 17:06:21,2026-06-17 13:28:13,#Hạt_Giống_Việt_Nhập_F1,791037645,Preferred(Non-CB),21129752464,#Hạt_Giống_Đậu_Bắp thu hoạch sau 2 tháng gieo hạt,211537680486,Normal Product,,Nhà cửa & Đời sống,Làm vườn,Hạt giống & chất hỗ trợ trồng cây,1000,1,Shopee Comm,,450,,4.00%,18,0.00%,0,18,0,0,0,,0,0.00%,0,100.00%,0,Hoàn thành,,Đơn hàng từ các Shop khác nhau,Đã tồn tại,,,,,,TikTok
260624VBRBGADT,Hoàn thành,235974701210976,2026-06-24 11:31:41,2026-06-28 17:06:21,2026-06-17 13:28:13,#Hạt_Giống_Việt_Nhập_F1,791037645,Preferred(Non-CB),22816726091,#Hạt_Giống_Rau_Má_Lá_Nhỏ F1 thu hoạch sau 2 tháng gieo hạt,193685027364,Normal Product,,Nhà cửa & Đời sống,Làm vườn,Hạt giống & chất hỗ trợ trồng cây,1000,1,Shopee Comm,,450,,4.00%,18,0.00%,0,18,0,0,0,,0,0.00%,0,100.00%,0,Hoàn thành,,Đơn hàng từ các Shop khác nhau,Đã tồn tại,,,,,,TikTok
260624VBRBGADR,Hoàn thành,235974701210974,2026-06-24 11:31:41,2026-06-27 17:25:50,2026-06-17 13:28:13,Cửa Hàng Hạt Giống Uy Tín,423918215,Preferred(Non-CB),48010387842,"Hạt Giống Cà Chua Đen Ngon Chất Lượng F1, Chịu Nhiệt Kháng Sâu Bệnh, Năng Suất Cao",272617459966,Normal Product,,Nhà cửa & Đời sống,Làm vườn,Hạt giống & chất hỗ trợ trồng cây,1000,1,Shopee Comm,,450,,4.00%,18,0.00%,0,18,54,0,54,,0,0.00%,0,100.00%,54,Hoàn thành,,Đơn hàng từ các Shop khác nhau,Đã tồn tại,,,,,,TikTok
260624VBRBGADR,Hoàn thành,235974701210974,2026-06-24 11:31:41,2026-06-27 17:25:50,2026-06-17 13:28:13,Cửa Hàng Hạt Giống Uy Tín,423918215,Preferred(Non-CB),54010359241,Hạt giống bí bơ hạt dẻ chuẩn F1 tỷ lệ nảy mầm 98% Thịt vàng cam bở thơm ăn được cả vỏ,179156866781,Normal Product,,Nhà cửa & Đời sống,Làm vườn,Hạt giống & chất hỗ trợ trồng cây,1000,1,Shopee Comm,,450,,4.00%,18,0.00%,0,18,0,0,0,,0,0.00%,0,100.00%,0,Hoàn thành,,Đơn hàng từ các Shop khác nhau,Đã tồn tại,,,,,,TikTok
260624VBRBGADR,Hoàn thành,235974701210974,2026-06-24 11:31:41,2026-06-27 17:25:50,2026-06-17 13:28:13,Cửa Hàng Hạt Giống Uy Tín,423918215,Preferred(Non-CB),8344896920,"Hạt Giống Đậu Bắp Xanh Cao Sản Chuẩn F1, Dễ Trồng, Dễ Chăm, Thu Hoạch Sớm, Kháng Sâu Bệnh",271176874518,Normal Product,,Nhà cửa & Đời sống,Làm vườn,Hạt giống & chất hỗ trợ trồng cây,1000,1,Shopee Comm,,450,,4.00%,18,0.00%,0,18,0,0,0,,0,0.00%,0,100.00%,0,Hoàn thành,,Đơn hàng từ các Shop khác nhau,Đã tồn tại,,,,,,TikTok
260624V9MTGKUT,Hoàn thành,235972435246587,2026-06-24 10:53:56,2026-06-28 12:28:46,2026-06-24 05:46:23,Ăn Vặt Catsky Food,806561057,Preferred(Non-CB),20638755022,Bánh tráng phơi sương CATSKY FOOD combo bánh tráng sốt muối béo đồ ăn vặt tiện lợi - COMBO MUST TRY,227741979293,Normal Product,,Thực phẩm và đồ uống,Đồ ăn vặt,Khác,149000,1,Shopee Comm,,94430,,4.00%,3777.2,0.00%,0,3777.2,3777.2,0,3777.2,,0,0.00%,0,100.00%,3777.2,Hoàn thành,,Đơn hàng từ các Shop khác nhau,Đã tồn tại,,,,,,Websites
260624U2M0Q93Q,Hoàn thành,235930532277507,2026-06-23 23:15:32,2026-06-28 23:45:24,2026-06-23 12:21:20,Phúc Anh ,77289590,Preferred(Non-CB),8299483752,"Set 5 -10 Lõi Lăn Bụi 10cm/55 tờ Làm Sạch Quần Áo, Lông Thú, Ga Giường Kèm Cây Lăn",78862544502,Normal Product,,Nhà cửa & Đời sống,Dụng cụ chăm sóc nhà cửa,Phụ kiện giặt là,16900,1,XTRA Comm,,16900,,4.00%,676,2.00%,338,1014,676,338,1014,,0,0.00%,0,100.00%,1014,Hoàn thành,,Đơn hàng từ các Shop khác nhau,Đã tồn tại,,,,,,Others
260623TX1078GT,Hoàn thành,235925599244096,2026-06-23 21:53:20,2026-06-28 10:40:59,2026-06-20 22:17:35,BOSSEE - VĂN PHÒNG PHẨM,1250797249,Preferred(Non-CB),29917158626,"Sổ Còng A5/B5/A4 Kèm Tab Phân Trang, Full Set Sổ 120 Trang Kèm Quà, Giấy Refill 4/9/6/20/26/30 Lỗ",79835019223,Normal Product,,Văn Phòng Phẩm,Sổ & Giấy Các Loại,Ruột Sổ,79000,1,Shopee Comm,,50000,,4.00%,2000,0.00%,0,2000,2000,0,2000,,0,0.00%,0,100.00%,2000,Hoàn thành,,Đơn hàng từ các Shop khác nhau,Đã tồn tại,,,,,,Websites
260623TUNYU7MP,Hoàn thành,235923082260222,2026-06-23 21:11:22,2026-06-30 11:27:51,2026-06-18 13:49:56,THẢO MỘC XANH VN,48700168,Preferred(Non-CB),41257053485,"Set 100 lưới lọc máy hút bụi cầm tay,lõi lọc ,túi lọc máy hút bụi tiện lợi dùng 1 lần tiện lợi",139397240533,Normal Product,,Thiết Bị Điện Gia Dụng,Thiết bị điện gia dụng nhỏ,Máy hút bụi & Thiết bị làm sạch sàn,27298,1,Shopee Comm,,20021,,4.00%,800.84,0.00%,0,800.84,800.84,0,800.84,,0,0.00%,0,100.00%,800.84,Hoàn thành,,Đơn hàng từ các Shop khác nhau,Đã tồn tại,,,,,,Others
260623TKVGJJDC,Hoàn thành,235914711205124,2026-06-23 18:51:52,2026-06-27 18:48:44,2026-06-23 09:11:17,ThiênLongwater,41818896,Preferred(Non-CB),28357875448,Nón Bảo Hiểm Lưỡi Trai Màu Đen Nhám - Mũ Bảo Hiểm Đen Nhám Cho Nam và Nữ,246377891963,Normal Product,,"Mô tô, xe máy",Mũ bảo hiểm & Phụ kiện,,65000,1,Shopee Comm,,65000,,4.00%,2600,0.00%,0,2600,2600,0,2600,,0,0.00%,0,100.00%,2600,Hoàn thành,,Đơn hàng từ các Shop khác nhau,Đã tồn tại,,,,,,Others
260623TJU5E9GJ,Hoàn thành,235913592235023,2026-06-23 18:33:12,2026-06-27 20:33:07,2026-06-23 07:39:29,taomu0.elec,1664994209,C2C(CB),26593827560,Bộ sạc đồng hồ từ tính Thích hợp cho Apple SE / 10 / 9 / 8 / 7 / 6 / 5 / 4 / 3 / 2 Sạc nhanh iWatch cho iPhone Ultra 10 / 9 / 8 ,315312471574,Normal Product,,Điện Thoại & Phụ Kiện,Thiết bị đeo thông minh,Đồng hồ thông minh & Vòng đeo tay sức khỏe,48999,1,Shopee Comm,,48999,,4.00%,1959.96,0.00%,0,1959.96,1959.96,0,1959.96,,0,0.00%,0,100.00%,1959.96,Hoàn thành,,Đơn hàng từ các Shop khác nhau,Đã tồn tại,,,,,,Others
260623THYWSYYX,Đã hủy,235912678259800,2026-06-23 18:17:59,--,2026-06-23 10:15:49,Top Phượt - Shop Mũ Bảo Hiểm,14616559,Preferred(Non-CB),29935009762,(Mua 5 Tặng 1) Găng Tay Chống Nắng Nam Nữ Cao Cấp Xỏ Ngón Chống Tia UV Thời Trang Đạt Chuẩn Let’sSilime,365691895290,Normal Product,,Phụ Kiện Thời Trang,Găng tay,,24899,0,Shopee Comm,,0,49798,4.00%,0,0.00%,0,0,0,0,0,,0,0.00%,0,100.00%,0,Đã hủy,Đơn hàng không hợp lệ.,Đơn hàng từ các Shop khác nhau,Đã tồn tại,,,,,,TikTok
260623TGKHR2A8,Hoàn thành,235911189211256,2026-06-23 17:53:09,2026-06-27 19:19:16,2026-06-22 23:17:12,ROCO Văn Phòng Phẩm,1718007021,Preferred(Non-CB),51210528238,"Bút Dạ Quang Cao Cấp – Màu Sắc Tươi Sáng, 6 Màu, Cho Học Sinh & Văn Phòng, Dụng Cụ Học Tập.",297618218352,Normal Product,,Văn Phòng Phẩm,Bút Các Loại,Bút Dạ Quang,7000,1,Shopee Comm,,6370,,4.00%,254.8,0.00%,0,254.8,510.28,0,510.28,,0,0.00%,0,100.00%,510.28,Hoàn thành,,Đơn hàng từ các Shop khác nhau,Đã tồn tại,,,,,,Others
260623TGKHR2A8,Hoàn thành,235911189211256,2026-06-23 17:53:09,2026-06-27 19:19:16,2026-06-22 23:17:12,ROCO Văn Phòng Phẩm,1718007021,Preferred(Non-CB),51210528238,"Bút Dạ Quang Cao Cấp – Màu Sắc Tươi Sáng, 6 Màu, Cho Học Sinh & Văn Phòng, Dụng Cụ Học Tập.",297618218355,Normal Product,,Văn Phòng Phẩm,Bút Các Loại,Bút Dạ Quang,7020,1,Shopee Comm,,6387,,4.00%,255.48,0.00%,0,255.48,0,0,0,,0,0.00%,0,100.00%,0,Hoàn thành,,Đơn hàng từ các Shop khác nhau,Đã tồn tại,,,,,,Others
260623TE7Y950C,Hoàn thành,235908653275964,2026-06-23 17:10:53,2026-06-30 18:19:14,2026-06-23 07:48:27,BUÔN HÀNG SỈ HCM,333091072,Preferred(Non-CB),8227959333,Mặt Nạ Che Mắt Ngủ Panda Dễ Thương - Miếng Che Mắt Khi Ngủ Hot Cute,340395877541,Normal Product,,Du lịch & Hành lý,Phụ kiện du lịch,Gối & Bịt mắt,16100,1,Shopee Comm,,0,,4.00%,0,0.00%,0,0,0,0,0,,0,0.00%,0,100.00%,0,Hoàn thành,,Đơn hàng từ các Shop khác nhau,Đã tồn tại,,,,,,Others
260623T8EGGJ6S,Hoàn thành,235902430217699,2026-06-23 15:27:11,2026-06-29 13:02:54,2026-06-19 09:18:14,Thạch dừa Minh Châu,53031791,C2C(Non-CB),23264973051,Thạch dừa Minh Châu - đóng gói Túi - Chính hãng - Bán trực tiếp từ Nhà sản xuất,246785285774,Normal Product,,Thực phẩm và đồ uống,Đồ uống,Đồ tráng miệng,25000,1,Shopee Comm,,6300,,4.00%,252,0.00%,0,252,252,0,252,,0,0.00%,0,100.00%,252,Hoàn thành,,Đơn hàng từ các Shop khác nhau,Đã tồn tại,,,,,,Others
260623T50CPHHK,Hoàn thành,235898735227114,2026-06-23 14:25:35,2026-07-01 09:20:14,2026-06-23 14:07:48,MoonBook- Top 1 sách luyện thi,172171368,Shopee Mall(Non-CB),40401673844,"Sách Nền Tảng Toán học lớp 12 xuất phát sớm ôn thi THPT,  luyện thi DGNL dành cho 2K9 Mất Gốc - MoonBook",285137376629,Normal Product,,Sách & Tạp Chí,Sách,Sách Giáo Dục,154000,1,Shopee Comm,,137060,,4.00%,5482.4,0.00%,0,5482.4,5482.4,0,5482.4,,0,0.00%,0,100.00%,5482.4,Hoàn thành,,Đơn hàng từ cùng một Shop,Đã tồn tại,,,,,,Websites
260623T40WN3R9,Hoàn thành,235897679262728,2026-06-23 14:07:59,2026-06-26 12:32:39,2026-06-16 21:14:14,Dermarium Official,327184394,Shopee Mall(Non-CB),9413298504,Tẩy da chết Dermarium Tricky Duet - 2% Salicylic Acid (BHA) giảm mụn dưỡng da mịn màng 55ml & 150ml,231546288439,Normal Product,,Sắc Đẹp,Chăm sóc da mặt,Tẩy tế bào chết,230000,1,XTRA Comm,,207000,,4.00%,8280,2.00%,4140,12420,8280,4140,12420,,0,0.00%,0,100.00%,12420,Hoàn thành,,Đơn hàng từ các Shop khác nhau,Đã tồn tại,,,,,,Websites
260623SVUCDMV9,Đã hủy,235889977231005,2026-06-23 11:59:37,--,2026-06-19 10:37:08,MoonBook- Top 1 sách luyện thi,172171368,Shopee Mall(Non-CB),17698264647,Sách Lớp 10 Moonbook Toán Lý Hóa Sinh Có ID Video Giải Chi Tiết - Chương Trình mới 2025,221853254326,Normal Product,,Sách & Tạp Chí,Sách,Sách Giáo Dục,145000,0,Shopee Comm,,0,127600,4.00%,0,0.00%,0,0,0,0,0,,0,0.00%,0,100.00%,0,Đã hủy,Đơn hàng không hợp lệ.,Đơn hàng từ cùng một Shop,Đã tồn tại,,,,,,Others
260623SSNDX4BH,Hoàn thành,235886556263562,2026-06-23 11:02:36,2026-06-27 14:13:14,2026-06-23 11:02:23,MoonBook- Top 1 sách luyện thi,172171368,Shopee Mall(Non-CB),2968140102,Sách Tiếng anh cho người bắt đầu Moonbook,345815852264,Normal Product,,Sách & Tạp Chí,Sách,Sách Học Ngoại Ngữ & Từ Điển,164000,1,Shopee Comm,,164000,,4.00%,6560,0.00%,0,6560,6560,0,6560,,0,0.00%,0,100.00%,6560,Hoàn thành,,Đơn hàng từ cùng một Shop,Đã tồn tại,,,,,,Others
260623SPQC4GCY,Hoàn thành,235883400267738,2026-06-23 10:10:00,2026-06-24 19:20:10,2026-06-21 09:54:43,CAMA STORE,399517032,Preferred(Non-CB),41877258079,Áo phông kẻ  IN MÈO KITY TAY NGẮN  from rộng basic nam nữ  CAMA STORE M1020,380479449218,Normal Product,,Thời Trang Nữ,Áo,Áo thun,42000,1,Shopee Comm,,957,,4.00%,38.28,0.00%,0,38.28,38.28,0,38.28,,0,0.00%,0,100.00%,38.28,Hoàn thành,,Đơn hàng từ các Shop khác nhau,Mới,,,,,,Others
260623SPQC4GCX,Hoàn thành,235883400267737,2026-06-23 10:10:00,2026-06-27 19:13:08,2026-06-21 09:54:43,TP Mart 360,541441955,Preferred(Non-CB),41358370709,"Bàn chải rửa mặt silicon, miếng rửa mặt silicon siêu hot, tẩy tế bào da chết, an toàn tiện lợi",290705093147,Normal Product,,Sắc Đẹp,Dụng cụ làm đẹp,Dụng cụ chăm sóc da mặt,10900,1,Shopee Comm,,248,,4.00%,9.92,0.00%,0,9.92,9.92,0,9.92,,0,0.00%,0,100.00%,9.92,Hoàn thành,,Đơn hàng từ các Shop khác nhau,Mới,,,,,,Others
260623SPQC4GCW,Hoàn thành,235883400267736,2026-06-23 10:10:00,2026-06-24 19:20:05,2026-06-21 09:54:43,Bon Store - Bon Bikini,12076539,C2C(Non-CB),15702942293,"Bông Tắm Dạng Tròn Size 20*20cm Siêu Mềm Mịn, bông tắm lưới tạo bọt",420028769097,Normal Product,,Nhà cửa & Đời sống,Đồ dùng phòng tắm,Bông tắm,8500,1,Shopee Comm,,195,,4.00%,7.8,0.00%,0,7.8,7.8,0,7.8,,0,0.00%,0,100.00%,7.8,Hoàn thành,,Đơn hàng từ các Shop khác nhau,Mới,,,,,,Others
260623SM1JFRSB,Hoàn thành,235880521247171,2026-06-23 09:22:02,2026-06-25 10:54:16,2026-06-19 12:02:14,Home Box .VN,1559576212,Preferred(Non-CB),52701094797,"Khăn lau kính nano, giấy lau kính cận lau kính mắt chống bám hơi nước, sương mù, mồ hôi hộp 100 khăn",400100675059,Normal Product,,Phụ Kiện Thời Trang,Kính mắt,Khác,21600,1,Shopee Comm,,16246,,4.00%,649.84,0.00%,0,649.84,649.84,0,649.84,,0,0.00%,0,100.00%,649.84,Hoàn thành,,Đơn hàng từ các Shop khác nhau,Đã tồn tại,,,,,,Others
260623SM1JFRSA,Hoàn thành,235880521247170,2026-06-23 09:22:02,2026-06-25 10:53:49,2026-06-19 12:02:14,Atuss Store,1381848391,Preferred(Non-CB),51262085500,[𝗚𝗶𝗮̂́𝘆 𝗟𝗮𝘂 𝗧𝗮̣̆𝗻𝗴 𝗞𝗲̀𝗺 𝗞𝗵𝗶 𝗠𝘂𝗮] Kính cường lực cho iPhone 17 Promax 16/15/14/13/12/11 Pro/Plus/Promax/Mini/Xs/Xr,336049402464,Normal Product,469462051013175_0_0,Điện Thoại & Phụ Kiện,Phụ kiện,Miếng dán màn hình,0,1,Shopee Comm,,0,,4.00%,0,0.00%,0,0,700.76,0,700.76,,0,0.00%,0,100.00%,700.76,Hoàn thành,,Đơn hàng từ các Shop khác nhau,Đã tồn tại,,,,,,Others
260623SM1JFRSA,Hoàn thành,235880521247170,2026-06-23 09:22:02,2026-06-25 10:53:49,2026-06-19 12:02:14,Atuss Store,1381848391,Preferred(Non-CB),28614216351,Kính Cường Lực iPhone 17 ProMax 6/6s/7/8/SE/X/XS/XR/11/12/13/14/15/16 Pro/Plus/Max/Mini,79823820187,Normal Product,469462051013175_0_0,Điện Thoại & Phụ Kiện,Phụ kiện,Miếng dán màn hình,25000,1,Shopee Comm,,17519,,4.00%,700.76,0.00%,0,700.76,0,0,0,,0,0.00%,0,100.00%,0,Hoàn thành,,Đơn hàng từ các Shop khác nhau,Đã tồn tại,,,,,,Others
260623SM1JFRS9,Hoàn thành,235880521247169,2026-06-23 09:22:02,2026-06-25 10:54:08,2026-06-19 12:02:14,Nhà sách BETABOOKS,284634361,Shopee Mall(Non-CB),8411040477,Sách - Học tiếng anh little stories bộ 10 cuốn(lẻ tuỳ chọn),43493405640,Normal Product,,Sách & Tạp Chí,Sách,Sách Học Ngoại Ngữ & Từ Điển,69350,1,Shopee Comm,,55003,,4.00%,2200.12,0.00%,0,2200.12,2200.12,0,2200.12,,0,0.00%,0,100.00%,2200.12,Hoàn thành,,Đơn hàng từ các Shop khác nhau,Đã tồn tại,,,,,,Others
260622RE7WTWW6,Hoàn thành,235839932278615,2026-06-22 22:05:32,2026-06-26 12:37:10,2026-06-21 12:25:30,HADA LABO CHÍNH HÃNG,95753434,Shopee Mall(Non-CB),17842797848,"Sữa rửa mặt Hada Labo cho da dầu mụn, da nhạy cảm Hada Labo Acne Care Calming Cleanser 80g",161670306585,Normal Product,,Sắc Đẹp,Chăm sóc da mặt,Sữa rửa mặt,95000,1,Shopee Comm,,74000,,4.00%,2960,0.00%,0,2960,2960,0,2960,,0,0.00%,0,100.00%,2960,Hoàn thành,,Đơn hàng từ các Shop khác nhau,Đã tồn tại,,,,,,Zalo
260622RB404845,Hoàn thành,235836579233156,2026-06-22 21:09:40,2026-07-08 22:24:18,2026-06-20 20:54:07,MoonBook- Top 1 sách luyện thi,172171368,Shopee Mall(Non-CB),20267271960,Combo 2 Sách id tự học Toán học lớp 10 chuẩn chương trình sgk mới moonbook,98517797911,Normal Product,,Sách & Tạp Chí,Sách,Sách Giáo Dục,145000,1,Shopee Comm,,123250,,4.00%,4930,0.00%,0,4930,4930,0,4930,,0,0.00%,0,100.00%,4930,Hoàn thành,,Đơn hàng từ cùng một Shop,Đã tồn tại,,,,,,Others
260622R80ETXPE,Hoàn thành,235833239217073,2026-06-22 20:13:59,2026-06-24 17:51:24,2026-06-22 10:52:35,CHS NXB Trẻ 157,419558825,Shopee Mall(Non-CB),19284956802,Sách - Ngồi Khóc Trên Cây - Nguyễn Nhật Ánh (NXB Trẻ),147045445655,Normal Product,,Sách & Tạp Chí,Sách,Văn Học Lãng Mạn,120900,1,Shopee Comm,,110900,,4.00%,4436,0.00%,0,4436,4436,0,4436,,0,0.00%,0,100.00%,4436,Hoàn thành,,Đơn hàng từ các Shop khác nhau,Đã tồn tại,,,,,,Google Search
260622R173Q3JY,Đã hủy,235825946240796,2026-06-22 18:12:26,--,2026-06-17 20:03:44,Coctai Store,876324716,C2C(Non-CB),26953088333,"[Coctai][Sẵn][CHÍNH HÃNG] Postcard Giấy và Ảnh, Thẻ - Attack On Titan - Cập Nhật 30/04/2026",290383029278,Normal Product,,Sở thích & Sưu tầm,Đồ Sưu Tầm,Bộ sưu tập hoạt hình truyện tranh,90000,0,Shopee Comm,,0,78300,4.00%,0,0.00%,0,0,0,0,0,,0,0.00%,0,100.00%,0,Đã hủy,Đơn hàng bị hủy bởi người bán.,Đơn hàng từ các Shop khác nhau,Đã tồn tại,,,,,,Others
260622R173Q3JY,Đã hủy,235825946240796,2026-06-22 18:12:26,--,2026-06-17 20:03:44,Coctai Store,876324716,C2C(Non-CB),26953088333,"[Coctai][Sẵn][CHÍNH HÃNG] Postcard Giấy và Ảnh, Thẻ - Attack On Titan - Cập Nhật 30/04/2026",290383029259,Normal Product,,Sở thích & Sưu tầm,Đồ Sưu Tầm,Bộ sưu tập hoạt hình truyện tranh,70000,0,Shopee Comm,,0,60900,4.00%,0,0.00%,0,0,0,0,0,,0,0.00%,0,100.00%,0,Đã hủy,Đơn hàng bị hủy bởi người bán.,Đơn hàng từ các Shop khác nhau,Đã tồn tại,,,,,,Others
260622QCV4KWQB,Hoàn thành,235804103259001,2026-06-22 12:08:23,2026-06-26 11:19:38,2026-06-20 15:40:59,giavi,26575294,Preferred(Non-CB),22147732394,Sinh Tố Berrino 1Lít nhiều mã giảm giá,194418533490,Normal Product,,Thực phẩm và đồ uống,Đồ uống,Nước trái cây lên men,176000,1,Shopee Comm,,139251,,4.00%,5570.04,0.00%,0,5570.04,5570.04,0,5570.04,,0,0.00%,0,100.00%,5570.04,Hoàn thành,,Đơn hàng từ các Shop khác nhau,Đã tồn tại,,,,,,TikTok
260622Q7JUR2K9,Hoàn thành,235798423257867,2026-06-22 10:33:44,2026-06-23 13:14:59,2026-06-22 09:58:59,Deli Official Store,127805122,Shopee Mall(Non-CB),3824689315,"Gôm Tẩy Deli Màu Trắng - Tẩy Sạch Ít Vụn Tẩy - Phù Hợp Cho Học Sinh, Sinh Viên, Văn Phòng Thi Trắc Nghiệm, Vẽ, Ghi Chép",95634604153,Normal Product,,Văn Phòng Phẩm,Bút Các Loại,Dụng Cụ Tẩy Xóa,3000,1,Shopee Comm,,2300,,4.00%,92,0.00%,0,92,92,0,92,,0,0.00%,0,100.00%,92,Hoàn thành,,Đơn hàng từ các Shop khác nhau,Đã tồn tại,,,,,,Others
260622Q3NW1667,Hoàn thành,235794231294423,2026-06-22 09:24:12,2026-06-25 08:43:58,2026-06-17 15:27:16,Phạm Gia Mobility,41477654,Preferred(Non-CB),26037064731,"Kính cường lực dành cho Vivo iQOO 15T 15 Ultra 13/ Neo 11 10 9 9s Pro+ Plus 7 Pro SE loại FULL màn viền đen, ko FULL",280729283350,Normal Product,,Điện Thoại & Phụ Kiện,Phụ kiện,Miếng dán màn hình,65000,1,Shopee Comm,,65000,,4.00%,2600,0.00%,0,2600,2600,0,2600,,0,0.00%,0,100.00%,2600,Hoàn thành,,Đơn hàng từ các Shop khác nhau,Đã tồn tại,,,,,,Websites
260621NVJE8TEH,Hoàn thành,235752238228663,2026-06-21 21:43:59,2026-06-26 12:34:00,2026-06-21 20:42:09,BOSS FOOD85,289954068,C2C(Non-CB),7644396742,CÁM CÁ KOI LS-KOI FOOD 500gr,70457188977,Normal Product,,Chăm Sóc Thú Cưng,Thức ăn cho thú cưng,Thức ăn cho cá,66000,1,Shopee Comm,,56100,,0.00%,0,0.00%,0,0,0,0,0,,0,0.00%,0,100.00%,0,Hoàn thành,,Đơn hàng từ các Shop khác nhau,Đã tồn tại,,,,,,Others
260621NQETN7B9,Hoàn thành,235746748281093,2026-06-21 20:12:30,2026-06-24 10:42:38,2026-06-21 09:33:10,Petland-shop,52583648,Preferred(Non-CB),22946573104,Vòng cổ thiết kế dễ thương dành cho cún cưng và mèo cưng,148001619470,Normal Product,,Chăm Sóc Thú Cưng,Phụ kiện cho thú cưng,"Vòng cổ, dây dắt & rọ mõm",8500,1,Shopee Comm,,4300,,0.00%,0,0.00%,0,0,0,0,0,,0,0.00%,0,100.00%,0,Hoàn thành,,Đơn hàng từ các Shop khác nhau,Đã tồn tại,,,,,,Others
260621N8BJSC6C,Hoàn thành,235730533241847,2026-06-21 15:42:17,2026-06-26 11:32:00,2026-06-19 11:01:19,Xiao Xing's Yarn,973896728,C2C(Non-CB),20877973200,Kim móc len cán dẻo êm tay 2.0 mm - 10 mm cho người mới bắt đầu | Xiaoxing's Yarn,156923098107,Normal Product,,Sở thích & Sưu tầm,Dụng Cụ May Vá,,14850,1,Shopee Comm,,4850,,4.00%,194,0.00%,0,194,194,0,194,,0,0.00%,0,100.00%,194,Hoàn thành,,Đơn hàng từ các Shop khác nhau,Đã tồn tại,,,,,,Websites
260621MV5UKHH5,Hoàn thành,235717456260331,2026-06-21 12:04:16,2026-06-26 14:31:47,2026-06-21 10:39:07,Sắc Màu Bút,1419234437,Shopee Mall(Non-CB),26435022766,Mesibo Bút bi màu đỏ St 0.5mm Vỏ Trong Suốt Đệm Tay Chống Trượt Màu Xanh Đỏ Mực Viết Êm Ái Nhanh Khô Ngòi,320743843981,Normal Product,,Văn Phòng Phẩm,Bút Các Loại,Bút & Mực,9500,1,Shopee Comm,,0,,4.00%,0,0.00%,0,0,0,0,0,,0,0.00%,0,100.00%,0,Hoàn thành,,Đơn hàng từ các Shop khác nhau,Đã tồn tại,,,,,,Websites
260620KEE0YGJ5,Đã hủy,235668338203768,2026-06-20 22:25:38,--,2026-06-20 19:58:27,TRANG SÚN SHOP,131450833,Preferred(Non-CB),40403397669,( DEAL MỞ BÁN MÀU MỚI ) (BST MÙA HÈ 2026) ÁO PHÔNG BOXY FOM RỘNG MÀU ĐEN LSUNEY SUNES,335704372641,Normal Product,,Thời Trang Nữ,Áo,Áo thun,108900,0,Shopee Comm,,0,24964,4.00%,0,0.00%,0,0,0,0,0,,0,0.00%,0,100.00%,0,Đã hủy,Đơn hàng bị hủy vì giao hàng không thành công.,Đơn hàng từ các Shop khác nhau,Đã tồn tại,,,,,,TikTok
260620KD1PWRD9,Hoàn thành,235666851274495,2026-06-20 22:00:59,2026-06-26 12:02:42,2026-06-17 19:44:37,Thiên Long Official Miền Trung,367619913,Shopee Mall(Non-CB),12333809361,"Giấy in A4, giấy photo 70/80gsm IK Copy 500 tờ - Giấy A4 500 tờ không gợn sóng, độ dày cao",109498906536,Normal Product,,Văn Phòng Phẩm,Sổ & Giấy Các Loại,Giấy In,84000,1,Shopee Comm,,63461,,4.00%,2538.44,0.00%,0,2538.44,2538.44,0,2538.44,,0,0.00%,0,100.00%,2538.44,Hoàn thành,,Đơn hàng từ các Shop khác nhau,Đã tồn tại,,,,,,Others
260620KCS56ESB,Hoàn thành,235666564245065,2026-06-20 21:56:08,2026-06-25 18:35:29,2026-06-16 21:43:37,SIÊU THỊ NHẬT 88,265379054,Preferred(Non-CB),41925316436,Dây Tắm Chà Lưng Silicon Dây Chà lưng Tắm 2 Mặt Massage Làm Sạch Tế Bào Chết 88529 STN,218763917730,Normal Product,,Nhà cửa & Đời sống,Đồ dùng phòng tắm,Bông tắm,11582,1,XTRA Comm,,11582,,4.00%,463.28,2.50%,289.55,752.83,1849.64,1156.025,3005.665,,0,0.00%,0,100.00%,3005.665,Hoàn thành,,Đơn hàng từ các Shop khác nhau,Đã tồn tại,,,,,,Websites
260620KCS56ESB,Hoàn thành,235666564245065,2026-06-20 21:56:08,2026-06-25 18:35:29,2026-06-16 21:43:37,SIÊU THỊ NHẬT 88,265379054,Preferred(Non-CB),41925316436,Dây Tắm Chà Lưng Silicon Dây Chà lưng Tắm 2 Mặt Massage Làm Sạch Tế Bào Chết 88529 STN,218763917732,Normal Product,,Nhà cửa & Đời sống,Đồ dùng phòng tắm,Bông tắm,11553,1,XTRA Comm,,11553,,4.00%,462.12,2.50%,288.825,750.945,0,0,0,,0,0.00%,0,100.00%,0,Hoàn thành,,Đơn hàng từ các Shop khác nhau,Đã tồn tại,,,,,,Websites
260620KCS56ESB,Hoàn thành,235666564245065,2026-06-20 21:56:08,2026-06-25 18:35:29,2026-06-16 21:43:37,SIÊU THỊ NHẬT 88,265379054,Preferred(Non-CB),41925316436,Dây Tắm Chà Lưng Silicon Dây Chà lưng Tắm 2 Mặt Massage Làm Sạch Tế Bào Chết 88529 STN,218763917733,Normal Product,,Nhà cửa & Đời sống,Đồ dùng phòng tắm,Bông tắm,11553,2,XTRA Comm,,23106,,4.00%,924.24,2.50%,577.65,1501.89,0,0,0,,0,0.00%,0,100.00%,0,Hoàn thành,,Đơn hàng từ các Shop khác nhau,Đã tồn tại,,,,,,Websites
260620K966WS1E,Hoàn thành,235662708299806,2026-06-20 20:52:09,2026-06-24 10:15:13,2026-06-20 17:30:43,wolkastore.vn,74755273,Preferred(CB),41430129433,Ốp Lưng Tương Thích Cho Samsung A06 A16 A05 A50 A14 A05S A15 A13 A03 A03S A02S A11 A04 Hoạt Hình Dễ Thương Nơ Mèo Con Sóng Ruffl,302545251874,Normal Product,,Điện Thoại & Phụ Kiện,Phụ kiện,"Vỏ bao, Ốp lưng & Miếng dán",23557,1,Shopee Comm,,23557,,4.00%,942.28,0.00%,0,942.28,942.28,0,942.28,,0,0.00%,0,100.00%,942.28,Hoàn thành,,Đơn hàng từ các Shop khác nhau,Đã tồn tại,,,,,,Others
260620K6QE94EK,Hoàn thành,235660064216826,2026-06-20 20:07:45,2026-06-27 11:27:28,2026-06-19 18:35:23,Guardian HCM Official Store,152872415,Shopee Mall(Non-CB),5945157385,Sáp Dưỡng Môi Vaseline Lips Care Rosy Lips Hoa Hồng 7Gr,30510524629,Normal Product,,Sắc Đẹp,Chăm sóc da mặt,Sản phẩm dưỡng môi,90000,1,Shopee Comm,,90000,,4.00%,3600,0.00%,0,3600,3600,0,3600,,0,0.00%,0,100.00%,3600,Hoàn thành,,Đơn hàng từ các Shop khác nhau,Đã tồn tại,,,,,,Facebook
260620K3W8FNVJ,Đã hủy,235657038234764,2026-06-20 19:17:18,--,2026-06-17 14:00:45,MoonBook- Top 1 sách luyện thi,172171368,Shopee Mall(Non-CB),22279172327,Sách Trọng tâm kiến thức ôn thi vào lớp 10  môn Tiếng anh cô Trang Anh Moonbook,257669389918,Normal Product,,Sách & Tạp Chí,Sách,Sách Học Ngoại Ngữ & Từ Điển,155000,0,Shopee Comm,,0,127100,4.00%,0,0.00%,0,0,0,0,0,,0,0.00%,0,100.00%,0,Đã hủy,Đơn hàng bị hủy vì giao hàng không thành công.,Đơn hàng từ cùng một Shop,Đã tồn tại,,,,,,TikTok
260620JRYJ3R5F,Hoàn thành,235645304276650,2026-06-20 16:01:51,2026-06-26 22:33:53,2026-06-17 00:06:24,Senka by FT Official Store,27495213,Shopee Mall(Non-CB),2041024290,Dầu tẩy trang Sạch Sâu Ẩm Mịn Senka All Clear Oil 230ml (Mới),70443121075,Normal Product,,Sắc Đẹp,Trang điểm,Tẩy trang,251000,1,XTRA Comm,,190160,,4.00%,7606.4,5.00%,9508,17114.4,7606.4,9508,17114.4,,0,0.00%,0,100.00%,17114.4,Hoàn thành,,Đơn hàng từ các Shop khác nhau,Đã tồn tại,,,,,,Zalo
260620JDN3HAEA,Hoàn thành,235633143295554,2026-06-20 12:39:24,2026-06-24 10:23:19,2026-06-15 08:31:33,CAMA STORE,399517032,Preferred(Non-CB),51254538843,Áo phông CÚN NGẮN TAY from rộng basic nam nữ CAMA STORE MM2,430423651888,Normal Product,,Thời Trang Nữ,Áo,Áo thun,41000,1,XTRA Comm,,30300,,4.00%,1212,5.00%,1515,2727,1212,1515,2727,,0,0.00%,0,100.00%,2727,Hoàn thành,,Đơn hàng từ các Shop khác nhau,Đã tồn tại,,,,,,Websites
260620JCMF715C,Hoàn thành,235632047246929,2026-06-20 12:20:51,2026-06-28 11:10:30,2026-06-17 23:06:41,The Best Pen For You,86567181,Preferred(Non-CB),40514426395,"[Trợ giá] Keo sữa cao cấp 45grms, 65grms, 100grms siêu dính, thích hợp dán trên nhiều chất liệu | WG045A, WG065A, WG100A",306189340212,Normal Product,,Nhà cửa & Đời sống,Dụng cụ & Thiết bị tiện ích,Keo & chất kết chính công nghiệp,9200,2,Shopee Comm,,122,,4.00%,4.88,0.00%,0,4.88,4.88,0,4.88,,0,0.00%,0,100.00%,4.88,Hoàn thành,,Đơn hàng từ các Shop khác nhau,Mới,,,,,,Websites
260620JCMF715B,Hoàn thành,235632047246928,2026-06-20 12:20:51,2026-06-25 10:08:04,2026-06-17 23:06:41,The Garden Tea & Coffee,55718056,Shopee Mall(Non-CB),14155706616,"Set Trà Sữa Tự Pha Trân Châu Đường Đen THE GARDEN IGWT Nguyên Liệu Làm Trà Sữa Chocolate, Matcha,  10 vị 6-8 Ly",48441344678,Normal Product,,Thực phẩm và đồ uống,Đồ uống,Trà & trà túi lọc,42000,1,Shopee Comm,,278,,4.00%,11.12,0.00%,0,11.12,11.12,0,11.12,,0,0.00%,0,100.00%,11.12,Hoàn thành,,Đơn hàng từ các Shop khác nhau,Mới,,,,,,Websites
260620J8C71DEC,Hoàn thành,235627475267300,2026-06-20 11:04:36,2026-06-22 16:06:34,2026-06-17 08:03:57,Bellena Chính Hãng,1191394860,Shopee Mall(Non-CB),26716229564,Toner diếp cá cho da dầu mụn nước hoa hồng diếp cá Bellena Heartleaf Toner 500ml,241928732640,Normal Product,,Sắc Đẹp,Chăm sóc da mặt,Nước cân bằng da,87000,1,XTRA Comm,,68085,,4.00%,2723.4,7.50%,5106.375,7829.775,2723.4,5106.375,7829.775,,0,0.00%,0,100.00%,7829.775,Hoàn thành,,Đơn hàng từ các Shop khác nhau,Đã tồn tại,,,,,,Websites
260620J5Q74115,Hoàn thành,235624623224756,2026-06-20 10:17:04,2026-06-26 09:11:27,2026-06-20 10:15:59,Gia Dung FMC,501438149,Preferred(Non-CB),20177059078,"Cây gạt nước sàn nhà cao cấp, bàn gạt vệ sinh kính đa năng lưỡi chổi bằng silicone mềm dẻo 52cm",184113226799,Normal Product,,Nhà cửa & Đời sống,Dụng cụ chăm sóc nhà cửa,Cây lau nhà,55000,1,Ưu đãi do người bán mời,,41639,,0.00%,0,8.00%,3331.12,3331.12,0,3331.12,3331.12,,0,0.00%,0,100.00%,3331.12,Hoàn thành,,Đơn hàng từ cùng một Shop,Đã tồn tại,,,,,,Shopeevideo-Shopee
260620H070TBH5,Hoàn thành,235584352294994,2026-06-19 23:06:14,2026-06-24 11:30:29,2026-06-19 12:22:04,rain1.vn,98651018,C2C(CB),25460523698,Ốp Điện Thoại Cho Samsung A15 / 54 / 05 / 05S / 24 / 14 / 13 / 04E / 04 / 04S / 10S / 20S / 30S / 21S / 12 / 02S / 32 / 03 / 52S,232480520228,Normal Product,,Điện Thoại & Phụ Kiện,Phụ kiện,"Vỏ bao, Ốp lưng & Miếng dán",31320,1,Shopee Comm,,31320,,4.00%,1252.8,0.00%,0,1252.8,1252.8,0,1252.8,,0,0.00%,0,100.00%,1252.8,Hoàn thành,,Đơn hàng từ các Shop khác nhau,Đã tồn tại,,,,,,Others
260619GUQ7A76T,Đã hủy,235579526277921,2026-06-19 21:45:33,--,2026-06-17 18:49:21,TOBOOK,1577779436,Shopee Mall(Non-CB),46304299842,Sách - Tiếng Anh Cho Người Mới Bắt Đầu Cô Trang Anh Moonbook Dành Cho Người Mất Gốc,325403968433,Normal Product,,Sách & Tạp Chí,Sách,Sách Học Ngoại Ngữ & Từ Điển,219999,0,Shopee Comm,,0,168043,4.00%,0,0.00%,0,0,0,0,0,,0,0.00%,0,100.00%,0,Đã hủy,Đơn hàng không hợp lệ.,Đơn hàng từ các Shop khác nhau,Đã tồn tại,,,,,,Facebook
260619GRQAAGPF,Hoàn thành,235576308209498,2026-06-19 20:51:48,2026-06-22 11:28:53,2026-06-16 20:31:04,Julie House,81369003,Preferred(Non-CB),55608190541,Beely Dress,320727691807,Normal Product,,Thời Trang Nữ,Đầm,,399000,1,XTRA Comm,,338840,,4.00%,13553.6,1.00%,3388.4,16942,13553.6,3388.4,16942,,0,0.00%,0,100.00%,16942,Hoàn thành,,Đơn hàng từ các Shop khác nhau,Đã tồn tại,,,,,,Websites
260619GQ00CAB0,Hoàn thành,235574452275466,2026-06-19 20:21:00,2026-06-21 19:58:11,2026-06-16 14:02:51,Ốp Kem,339947833,Preferred(Non-CB),41602824377,"Ốp SamSung A10S - A20S Tâm an Vạn Sự An, Thư Pháp bình an",149194710719,Normal Product,,Điện Thoại & Phụ Kiện,Phụ kiện,"Vỏ bao, Ốp lưng & Miếng dán",40000,1,Shopee Comm,,40000,,4.00%,1600,0.00%,0,1600,1600,0,1600,,0,0.00%,0,100.00%,1600,Hoàn thành,,Đơn hàng từ các Shop khác nhau,Đã tồn tại,,,,,,Websites
260619GDFR8PS3,Hoàn thành,235564243225915,2026-06-19 17:30:43,2026-06-25 01:41:32,2026-06-18 14:57:57,DVC Tổng kho sỉ,1653012857,C2C(Non-CB),45862109849,(HỎA TỐC) DS8280 Váy nâu xòe ren phối tơ cổ thuyền công sở thanh lịch DVC CHÍNH HÃNG,391050841470,Normal Product,,Thời Trang Nữ,Đầm,,636900,1,Shopee Comm,,528627,,4.00%,21145.08,0.00%,0,21145.08,21145.08,0,21145.08,,0,0.00%,0,100.00%,21145.08,Hoàn thành,,Đơn hàng từ các Shop khác nhau,Đã tồn tại,,,,,,Websites
260619GB9T1G7M,Hoàn thành,235561896276034,2026-06-19 16:51:43,2026-06-22 10:52:35,2026-06-16 20:26:49,gia dụng thịnh kim,106566294,C2C(Non-CB),15064041305,5 Bàn chải đánh răng siêu mềm,280492204319,Normal Product,,Sức Khỏe,Chăm sóc cá nhân,Vệ sinh răng miệng,13000,1,XTRA Comm,,0,,4.00%,0,1.00%,0,0,0,0,0,,0,0.00%,0,100.00%,0,Hoàn thành,,Đơn hàng từ các Shop khác nhau,Đã tồn tại,,,,,,Websites
260619G9VJBERP,Hoàn thành,235560378266474,2026-06-19 16:26:19,2026-06-22 08:15:48,2026-06-17 14:37:43,Deli Official Store,127805122,Shopee Mall(Non-CB),42602551590,Bút Xóa Băng Học Sinh 7M Màu Pastel Xinh Xắn Deli - Xóa Sạch Bám Dính Tốt Khô Nhanh Viết Đè Lên Ngay Học Sinh Văn Phòng,305210431498,Normal Product,,Văn Phòng Phẩm,Bút Các Loại,Dụng Cụ Tẩy Xóa,14000,1,Shopee Comm,,0,,4.00%,0,0.00%,0,0,0,0,0,,0,0.00%,0,100.00%,0,Hoàn thành,,Đơn hàng từ các Shop khác nhau,Đã tồn tại,,,,,,Websites
260619G90RHKWR,Hoàn thành,235559445239694,2026-06-19 16:10:45,2026-06-25 11:28:50,2026-06-17 20:46:07,🍎BỘT STORE🍎,40734054,Preferred(Non-CB),40553005050,Túi xách tay vintage cho bé xinh xắn style Hàn Quốc,253476430204,Normal Product,,Thời trang trẻ em & trẻ sơ sinh,Phụ kiện trẻ em & trẻ sơ sinh,Túi xách & vali,119000,1,Shopee Comm,,97580,,4.00%,3903.2,0.00%,0,3903.2,9118.4,0,9118.4,,0,0.00%,0,100.00%,9118.4,Hoàn thành,,Đơn hàng từ các Shop khác nhau,Đã tồn tại,,,,,,Websites
260619G90RHKWR,Hoàn thành,235559445239694,2026-06-19 16:10:45,2026-06-25 11:28:50,2026-06-17 20:46:07,🍎BỘT STORE🍎,40734054,Preferred(Non-CB),44115289220,Mũ lưới bling bling Hàn Quốc cho bé siêu xinh vòng đầu 46-51cm,291263822627,Normal Product,,Thời trang trẻ em & trẻ sơ sinh,Phụ kiện trẻ em & trẻ sơ sinh,Mũ & mũ lưỡi trai,159000,1,Shopee Comm,,130380,,4.00%,5215.2,0.00%,0,5215.2,0,0,0,,0,0.00%,0,100.00%,0,Hoàn thành,,Đơn hàng từ các Shop khác nhau,Đã tồn tại,,,,,,Websites
260619G0HJ56U3,Hoàn thành,235550345287110,2026-06-19 13:39:07,2026-06-24 12:38:05,2026-06-17 10:03:07,Tai nghe cường lực Sagopy,740319087,Shopee Mall(Non-CB),20861809939,Kính cường lực 10D iphone 7 8plus X XsMax 11 11 ProMax 12 ProMax 13 14 ProMax 15 16 17 Promax S P,188807415517,Normal Product,,Điện Thoại & Phụ Kiện,Phụ kiện,Miếng dán màn hình,12000,1,XTRA Comm,,10560,,4.00%,422.4,3.00%,316.8,739.2,422.4,316.8,739.2,,0,0.00%,0,100.00%,739.2,Hoàn thành,,Đơn hàng từ các Shop khác nhau,Đã tồn tại,,,,,,Websites
260619FTDJSNTG,Hoàn thành,235543769280794,2026-06-19 11:49:31,2026-06-25 13:00:00,2026-06-18 23:51:01,Classmate Việt Nam,560774951,Shopee Mall(Non-CB),26441143943,[Tặng 1 Bút] Sổ Còng Binder A5 B5 300/400 Trang Còng Kim Loại Thay Được Giấy Refill 100GSM Có Tráng Keo Đủ Loại Dòng Kẻ,179054074754,Normal Product,464464609095744_0_0,Văn Phòng Phẩm,Sổ & Giấy Các Loại,Ruột Sổ,75700,1,Shopee Comm,,58130,,4.00%,2325.2,0.00%,0,2325.2,2325.2,0,2325.2,,0,0.00%,0,100.00%,2325.2,Hoàn thành,,Đơn hàng từ các Shop khác nhau,Đã tồn tại,,,,,,Others
260619FTDJSNTG,Hoàn thành,235543769280794,2026-06-19 11:49:31,2026-06-25 13:00:00,2026-06-18 23:51:01,Classmate Việt Nam,560774951,Shopee Mall(Non-CB),54609619756,"Bút Gel Classmate - 1 Chiếc - Bút Nước Ngòi 0.5mm, Có 3 Màu Xanh Đen Tím, Bút Viết Trơn, Mực Ra Đều, Ghi Chép CL-GP107",350851440144,Normal Product,464464609095744_0_0,Văn Phòng Phẩm,Bút Các Loại,Bút & Mực,0,1,Shopee Comm,,0,,4.00%,0,0.00%,0,0,0,0,0,,0,0.00%,0,100.00%,0,Hoàn thành,,Đơn hàng từ các Shop khác nhau,Đã tồn tại,,,,,,Others
260619EGC9WQXS,Hoàn thành,235498629277988,2026-06-18 23:17:16,2026-06-25 16:30:37,2026-06-17 20:08:18,Bloomstar.vn,1398210931,C2C(CB),27618491778,🍋bloomstar🍋Kích mí trong suốt Hàn Quốc siêu dính chắc cắt sẵn 36 miếng một tấm kích mí tròn đều dễ dàng,178557828296,Normal Product,,Sắc Đẹp,Dụng cụ làm đẹp,Dụng cụ trang điểm,1000,1,Shopee Comm,,1000,,4.00%,40,0.00%,0,40,40,0,40,,0,0.00%,0,100.00%,40,Hoàn thành,,Đơn hàng từ các Shop khác nhau,Đã tồn tại,,,,,,Others
260618EF15X08B,Hoàn thành,235497182242676,2026-06-18 22:53:06,2026-06-26 19:25:17,2026-06-17 21:31:43,Sạc Tốt Giá Rẻ 006,716532630,Preferred(Non-CB),40427895744,Dây Cáp Sạc Micro USB dài 1 mét - lõi dây đồng nguyên chất  . Dùng cho các dòng máy  Android đời cũ,411067208514,Normal Product,,Điện Thoại & Phụ Kiện,Phụ kiện,"Cáp, sạc & bộ chuyển đổi",20445,1,Shopee Comm,,9445,,4.00%,377.8,0.00%,0,377.8,377.8,0,377.8,,0,0.00%,0,100.00%,377.8,Hoàn thành,,Đơn hàng từ các Shop khác nhau,Đã tồn tại,,,,,,Others
260618EC80JB8Y,Hoàn thành,235494190274910,2026-06-18 22:03:17,2026-06-22 12:20:55,2026-06-18 20:19:59,Xưởng quần áo Phong Thuỳ,225320096,Preferred(Non-CB),26050407537,"Áo thun THÊU NGÔI SAO CHỮ THÁI, QUẦN HOA SAO chất cotton poly co giãn thoải mái trẻ trung năng động",207514938821,Normal Product,,Thời Trang Nữ,Áo,Áo thun,88399,1,Shopee Comm,,70559,,4.00%,2822.36,0.00%,0,2822.36,2822.36,0,2822.36,,0,0.00%,0,100.00%,2822.36,Hoàn thành,,Đơn hàng từ các Shop khác nhau,Đã tồn tại,,,,,,Websites
260618E92RW5C3,Hoàn thành,235490793243141,2026-06-18 21:06:37,2026-06-21 08:35:27,2026-06-18 21:01:37,MoonBook- Top 1 sách luyện thi,172171368,Shopee Mall(Non-CB),2968140102,Sách Tiếng anh cho người bắt đầu Moonbook,345815852264,Normal Product,,Sách & Tạp Chí,Sách,Sách Học Ngoại Ngữ & Từ Điển,164000,1,Shopee Comm,,164000,,4.00%,6560,0.00%,0,6560,6560,0,6560,,0,0.00%,0,100.00%,6560,Hoàn thành,,Đơn hàng từ cùng một Shop,Đã tồn tại,,,,,,Others
260618DKTWQGJX,Hoàn thành,235467981285636,2026-06-18 14:46:23,2026-06-23 13:47:38,2026-06-16 14:23:39,Tiệm Cô Yang,1294697789,Preferred(Non-CB),42325880512,Gói Kẹo ngậm Alpenliebe (30 viên) trộn đủ vị loại kẹo,282098841739,Normal Product,,Thực phẩm và đồ uống,Đồ ăn vặt,Kẹo,21000,1,Shopee Comm,,1000,,4.00%,40,0.00%,0,40,40,0,40,,0,0.00%,0,100.00%,40,Hoàn thành,,Đơn hàng từ các Shop khác nhau,Đã tồn tại,,,,,,TikTok
260618DJQY2C52,Hoàn thành,235466808280836,2026-06-18 14:26:50,2026-06-21 16:18:44,2026-06-17 18:44:46,Pales,1771547047,Preferred(Non-CB),55207557310,"Túi Đeo Chéo Nam Nữ PALES Vải Canvas Nam Nữ Thời Trang, Nhỏ Gọn, Nhiều Ngăn Tiện Lợi, Đi Học Đi Chơi A03",365672458431,Normal Product,,Túi Ví Nam,Túi đeo chéo,,149000,1,Shopee Comm,,99499,,4.00%,3979.96,0.00%,0,3979.96,3979.96,0,3979.96,,0,0.00%,0,100.00%,3979.96,Hoàn thành,,Đơn hàng từ các Shop khác nhau,Đã tồn tại,,,,,,Others
260618DD5062SJ,Hoàn thành,235460803210499,2026-06-18 12:46:43,2026-06-25 16:23:25,2026-06-16 21:06:22,Chợ Vật Tư 223,223024884,Preferred(Non-CB),28777644117,"🎁 Dầu nhớt 2 thì Havoline - Caltex, Dùng cho động cơ xe 2 thì",198253190851,Normal Product,,Phụ tùng & Phụ kiện xe cơ giới,Ô tô,,135000,1,Shopee Comm,,115000,,4.00%,4600,0.00%,0,4600,4600,0,4600,,0,0.00%,0,100.00%,4600,Hoàn thành,,Đơn hàng từ các Shop khác nhau,Đã tồn tại,,,,,,Zalo
260618D7QNMH5M,Hoàn thành,235454987235202,2026-06-18 11:09:47,2026-06-22 11:33:55,2026-06-17 06:04:37,Cửa hàng MP cao cấp,988782189,C2C(Non-CB),18379095022,"[Combo 10m] Mặt nạ nội địa trung cao cấp các loại, giúp cấp ẩm, trắng da, kiềm dầu, se khít lỗ chân lông",118892839921,Normal Product,,Sắc Đẹp,Chăm sóc da mặt,Mặt nạ,38640,1,XTRA Comm,,38253,,4.00%,1530.12,2.50%,956.325,2486.445,1530.12,956.325,2486.445,,0,0.00%,0,100.00%,2486.445,Hoàn thành,,Đơn hàng từ các Shop khác nhau,Đã tồn tại,,,,,,Websites
260617BWFN8VUB,Hoàn thành,235409621260178,2026-06-17 22:33:41,2026-06-19 10:41:12,2026-06-17 09:18:19,Hitbooks - Top Sách Tiếng Anh,1119250804,Shopee Mall(Non-CB),25303594049,Sách - 2000 Từ Vựng Tiếng Anh Theo Chủ Đề Áp Dụng Phương Pháp Mindmap (Khổ Nhỏ)- TẶNG KHOÁ HỌC HITBOOKS,207215667158,Normal Product,463484752576608_0_0,Sách & Tạp Chí,Sách,Sách Học Ngoại Ngữ & Từ Điển,0,1,XTRA Comm,,0,,4.00%,0,2.50%,0,0,4061.48,4061.48,8122.96,,0,0.00%,0,100.00%,8122.96,Hoàn thành,,Đơn hàng từ các Shop khác nhau,Đã tồn tại,,,,,,Websites
260617BWFN8VUB,Hoàn thành,235409621260178,2026-06-17 22:33:41,2026-06-19 10:41:12,2026-06-17 09:18:19,Hitbooks - Top Sách Tiếng Anh,1119250804,Shopee Mall(Non-CB),23362903513,"Sách - MIND MAP Hack 3000 Từ Vựng Tiếng Anh, Học Từ Vựng Qua Sơ Đồ Tư Duy - TẶNG KHOÁ HỌC HITBOOKS",138026546674,Normal Product,463484752576608_0_0,Sách & Tạp Chí,Sách,Sách Học Ngoại Ngữ & Từ Điển,210220,1,XTRA Comm,,101537,,4.00%,4061.48,4.00%,4061.48,8122.96,0,0,0,,0,0.00%,0,100.00%,0,Hoàn thành,,Đơn hàng từ các Shop khác nhau,Đã tồn tại,,,,,,Websites
260617BQ97N3W6,Hoàn thành,235402963201681,2026-06-17 20:42:43,2026-06-22 23:44:30,2026-06-16 16:24:26,HAGACO_Cosmetics,767700548,C2C(Non-CB),14182721559,COMBO 3 CHAI Gôm Xịt Tóc Nam Hair Spray 420ml MN28 định hình tóc suốt 48h,287026034860,Normal Product,,Sắc Đẹp,Chăm sóc tóc,Sản phẩm tạo kiểu tóc,49900,1,Shopee Comm,,49900,,4.00%,1996,0.00%,0,1996,1996,0,1996,,0,0.00%,0,100.00%,1996,Hoàn thành,,Đơn hàng từ các Shop khác nhau,Đã tồn tại,,,,,,Websites
260617BPBGU8PY,Hoàn thành,235401966216055,2026-06-17 20:26:07,2026-06-25 12:20:31,2026-06-17 13:00:42,MoonBook- Top 1 sách luyện thi,172171368,Shopee Mall(Non-CB),19285025892,Sách tổng ôn Toán 9 tập 1 & 2 Chương trình mới : Sách toán 9 ôn thi vào 10 Cho 2K12 - Moonbook,232110088013,Normal Product,,Sách & Tạp Chí,Sách,Khoa Học - Toán Học,150000,1,Shopee Comm,,124800,,4.00%,4992,0.00%,0,4992,4992,0,4992,,0,0.00%,0,100.00%,4992,Hoàn thành,,Đơn hàng từ cùng một Shop,Đã tồn tại,,,,,,Zalo
260617BJUSK8A8,Hoàn thành,235398218293655,2026-06-17 19:23:59,2026-06-22 12:43:41,2026-06-17 09:20:31,JUSTFIT | CHUẨN VÓC DÁNG,231426864,Preferred(Non-CB),6790779954,"Dây kháng lực tập gym JUSTFIT power band cao su đàn hồi trợ lực kéo xà, tập tay, chân, toàn thân",100628273338,Normal Product,,Thể Thao & Dã Ngoại,Dụng Cụ Thể Thao & Dã Ngoại,Yoga & Pilates,15000,1,XTRA Comm,,5000,,4.00%,200,2.50%,125,325,200,125,325,,0,0.00%,0,100.00%,325,Hoàn thành,,Đơn hàng từ các Shop khác nhau,Đã tồn tại,,,,,,Websites
260617BHSA6ADJ,Hoàn thành,235397060280588,2026-06-17 19:04:22,2026-06-22 12:49:02,2026-06-17 12:58:31,TopGia Official,550942423,Shopee Mall(Non-CB),24322062261,"Khăn giấy cao cấp treo tường TopGia Tiểu hạ 10bịch/6bịch, Giấy vệ sinh 4 lớp dày dặn an toàn,mềm mịn",198226935882,Normal Product,,Nhà cửa & Đời sống,Dụng cụ chăm sóc nhà cửa,Giấy vệ sinh,214000,1,Shopee Comm,,155796,,4.00%,6231.84,0.00%,0,6231.84,6231.84,0,6231.84,,0,0.00%,0,100.00%,6231.84,Hoàn thành,,Đơn hàng từ các Shop khác nhau,Đã tồn tại,,,,,,Websites
260617BDJV47BG,Hoàn thành,235392549249938,2026-06-17 17:49:13,2026-06-20 15:59:42,2026-06-17 07:36:52,BKshop79,161355597,Preferred(Non-CB),41061392302,Quẩn nỉ dài nam nữ chất nỉ Thể Thao form suông kiểu dáng basic đen ghi.Bk,188628036764,Normal Product,,Thời Trang Nam,Quần dài,Quần dài,118000,1,XTRA Comm,,73527,,4.00%,2941.08,1.50%,1102.905,4043.985,2941.08,1102.905,4043.985,,0,0.00%,0,100.00%,4043.985,Hoàn thành,,Đơn hàng từ các Shop khác nhau,Đã tồn tại,,,,,,Websites
260617BDJV47BF,Hoàn thành,235392549249938,2026-06-17 17:49:13,2026-06-20 15:59:49,2026-06-17 07:36:52,vip đồ da,892635439,Preferred(Non-CB),29838538438,⚡️ Giá Cực Sốc ⚡️ Thắt lưng nam cao cấp - dây nịt nam khóa tự động sang trọng lịch lãm,258614833553,Normal Product,,Phụ Kiện Thời Trang,Thắt lưng,,29070,1,XTRA Comm,,23257,,4.00%,930.28,4.50%,1046.565,1976.845,930.28,1046.565,1976.845,,0,0.00%,0,100.00%,1976.845,Hoàn thành,,Đơn hàng từ các Shop khác nhau,Đã tồn tại,,,,,,Websites
260617BDJV47BE,Hoàn thành,235392549249938,2026-06-17 17:49:13,2026-06-20 09:03:07,2026-06-17 07:36:52,Jussy Official,22431875,Shopee Mall(Non-CB),24557557508,Mũ Lưỡi Trai Thêu Chữ UNI Jussy Official Size To 62cm Nón Kết Nam Nữ Lòng Sâu Form Mềm Chất Cotton Thoáng Mát,250325367489,Normal Product,,Phụ Kiện Thời Trang,Mũ,,55000,1,XTRA Comm,,44000,,4.00%,1760,4.50%,1980,3740,3647.96,4103.955,7751.915,,0,0.00%,0,100.00%,7751.915,Hoàn thành,,Đơn hàng từ các Shop khác nhau,Đã tồn tại,,,,,,Websites
260617BDJV47BE,Hoàn thành,235392549249938,2026-06-17 17:49:13,2026-06-20 09:03:07,2026-06-17 07:36:52,Jussy Official,22431875,Shopee Mall(Non-CB),24557557508,Mũ Lưỡi Trai Thêu Chữ UNI Jussy Official Size To 62cm Nón Kết Nam Nữ Lòng Sâu Form Mềm Chất Cotton Thoáng Mát,250325367491,Normal Product,,Phụ Kiện Thời Trang,Mũ,,59000,1,XTRA Comm,,47199,,4.00%,1887.96,4.50%,2123.955,4011.915,0,0,0,,0,0.00%,0,100.00%,0,Hoàn thành,,Đơn hàng từ các Shop khác nhau,Đã tồn tại,,,,,,Websites
260617BDJV47BD,Hoàn thành,235392549249938,2026-06-17 17:49:13,2026-06-20 09:03:19,2026-06-17 07:36:52,C&H Store,111519175,C2C(Non-CB),16272931776,Kính râm gọng vuông chống tia UV400 thời trang Hàn Quốc mã K19,154733400740,Normal Product,,Phụ Kiện Thời Trang,Kính mắt,Kính mát,19310,1,XTRA Comm,,19310,,4.00%,772.4,2.50%,482.75,1255.15,772.4,482.75,1255.15,,0,0.00%,0,100.00%,1255.15,Hoàn thành,,Đơn hàng từ các Shop khác nhau,Đã tồn tại,,,,,,Websites
260617B8CKJPN6,Hoàn thành,235386970245983,2026-06-17 16:16:14,2026-06-18 12:43:37,2026-06-16 10:09:45,Tuệ Minh-Chuyên Bullet Journal,431697912,Preferred(Non-CB),24432567085,"Ống, cốc vuông đụng bút trong nhựa arcylic/ mica trong suốt K143",217601847178,Normal Product,,Văn Phòng Phẩm,Thiết Bị Trường Học,Hộp Bút,24200,2,XTRA Comm,,48400,,4.00%,1936,1.00%,484,2420,1936,484,2420,,0,0.00%,0,100.00%,2420,Hoàn thành,,Đơn hàng từ các Shop khác nhau,Đã tồn tại,,,,,,Websites
260617B8BRVQW3,Hoàn thành,235386942261896,2026-06-17 16:15:42,2026-06-21 23:34:47,2026-06-13 23:29:13,Penpaper,1167341085,Preferred(Non-CB),41258996534,"Combo 5/10 Vở Kẻ Ngang 80/120 Trang 70GSM CLASSMATE, Vở Kẻ Ngang Cấp 2 Bìa TRAVEL NOTE Dành Cho Học Sinh",267610255759,Normal Product,464518946304219_0_0,Văn Phòng Phẩm,Sổ & Giấy Các Loại,"Tập, Vở Các Loại",89000,1,XTRA Comm,,64794,,4.00%,2591.76,1.50%,971.91,3563.67,2591.76,971.91,3563.67,,0,0.00%,0,100.00%,3563.67,Hoàn thành,,Đơn hàng từ các Shop khác nhau,Đã tồn tại,,,,,,Websites
260617B8BRVQW3,Hoàn thành,235386942261896,2026-06-17 16:15:42,2026-06-21 23:34:47,2026-06-13 23:29:13,Penpaper,1167341085,Preferred(Non-CB),56659619510,"Bút Gel Nắp ClassMate Mực Xanh/Đen/Tím Mực Đều Nét Trơn, Dành Cho Học Sinh CL-GP107",420851358437,Normal Product,464518946304219_0_0,Văn Phòng Phẩm,Bút Các Loại,Bút & Mực,0,1,Shopee Comm,,0,,4.00%,0,0.00%,0,0,0,0,0,,0,0.00%,0,100.00%,0,Hoàn thành,,Đơn hàng từ các Shop khác nhau,Đã tồn tại,,,,,,Websites
260617B8BRVQW1,Hoàn thành,235386942261894,2026-06-17 16:15:42,2026-06-19 11:10:09,2026-06-13 23:29:13,Calaco Bookstore,284505284,Preferred(Non-CB),7571842854,Tập Học Sinh A5 Chào Ngày Mới Futurebook - 4 Ô Ly Vuông/ĐL 70gsm (96Trang/200Trang),159217607612,Normal Product,,Văn Phòng Phẩm,Sổ & Giấy Các Loại,"Tập, Vở Các Loại",21000,7,Shopee Comm,,113236,,4.00%,4529.44,0.00%,0,4529.44,4529.44,0,4529.44,,0,0.00%,0,100.00%,4529.44,Hoàn thành,,Đơn hàng từ các Shop khác nhau,Đã tồn tại,,,,,,Websites
260617B78T8BV9,Hoàn thành,235385769284071,2026-06-17 15:56:11,2026-06-19 20:59:08,2026-06-17 07:28:51,MoonBook- Top 1 sách luyện thi,172171368,Shopee Mall(Non-CB),2968140102,Sách Tiếng anh cho người bắt đầu Moonbook,232568919043,Normal Product,,Sách & Tạp Chí,Sách,Sách Học Ngoại Ngữ & Từ Điển,164000,1,Shopee Comm,,115121,,4.00%,4604.84,0.00%,0,4604.84,4604.84,0,4604.84,,0,0.00%,0,100.00%,4604.84,Hoàn thành,,Đơn hàng từ các Shop khác nhau,Đã tồn tại,,,,,,Websites
260617B19YV5P0,Hoàn thành,235379366288466,2026-06-17 14:09:28,2026-06-22 10:11:16,2026-06-17 13:51:31,TIỆM CỦA BY,832353354,C2C(Non-CB),28122536872,Thức ăn hamster gói 500g,129199682046,Normal Product,,Chăm Sóc Thú Cưng,Thức ăn cho thú cưng,Thức ăn cho thú nhỏ,18920,2,Shopee Comm,,37840,,0.00%,0,0.00%,0,0,0,0,0,,0,0.00%,0,100.00%,0,Hoàn thành,,Đơn hàng từ các Shop khác nhau,Đã tồn tại,,,,,,Websites
260617AVER6CW6,Hoàn thành,235374158292621,2026-06-17 12:42:59,2026-06-22 19:32:39,2026-06-17 09:59:05,Deli Official Store,127805122,Shopee Mall(Non-CB),4075434566,Thước kẻ trong suốt Deli - 18/ 20/ 30cm - Chất liệu PS bền chống trầy xước - Phù hợp với học sinh dân văn phòng học tập,270936631706,Normal Product,,Văn Phòng Phẩm,Thiết Bị Trường Học,Thước Các Loại & Giấy Nến,9000,1,Shopee Comm,,4735,,4.00%,189.4,0.00%,0,189.4,587.4,149.25,736.65,,0,0.00%,0,100.00%,736.65,Hoàn thành,,Đơn hàng từ các Shop khác nhau,Đã tồn tại,,,,,,Websites
260617AVER6CW6,Hoàn thành,235374158292621,2026-06-17 12:42:59,2026-06-22 19:32:39,2026-06-17 09:59:05,Deli Official Store,127805122,Shopee Mall(Non-CB),7288839925,"Gôm Tẩy Chì 2B Deli - Nhiều Màu - Tẩy sạch, ít vụn, không mòn giấy - An toàn, phù hợp học sinh, trẻ em, văn phòng",275960019928,Normal Product,,Văn Phòng Phẩm,Bút Các Loại,Dụng Cụ Tẩy Xóa,4500,1,XTRA Comm,,3150,,4.00%,126,1.50%,47.25,173.25,0,0,0,,0,0.00%,0,100.00%,0,Hoàn thành,,Đơn hàng từ các Shop khác nhau,Đã tồn tại,,,,,,Websites
260617AVER6CW6,Hoàn thành,235374158292621,2026-06-17 12:42:59,2026-06-22 19:32:39,2026-06-17 09:59:05,Deli Official Store,127805122,Shopee Mall(Non-CB),24568758870,Bút highlight đánh dầu màu macaron Deli - Bút dạ quang đánh dấu nhớ dòng pastel mực đều nhanh khô cho văn phòng học sinh,194967440762,Normal Product,,Văn Phòng Phẩm,Bút Các Loại,Bút Dạ Quang,10000,1,XTRA Comm,,6800,,4.00%,272,1.50%,102,374,0,0,0,,0,0.00%,0,100.00%,0,Hoàn thành,,Đơn hàng từ các Shop khác nhau,Đã tồn tại,,,,,,Websites
260617AUBF1CHQ,Hoàn thành,235372973288212,2026-06-17 12:22:55,2026-06-23 13:06:44,2026-06-17 11:30:40,Photocopy Gần Đây,1046273708,C2C(Non-CB),46552269901,Dịch Vụ In Tài Liệu Theo Yêu Cầu -  48 Ngày Lấy Gốc Tiếng Anh – Cô Mai Phương,380218844608,Normal Product,,Văn Phòng Phẩm,Sổ & Giấy Các Loại,Khác,68000,1,XTRA Comm,,57000,,4.00%,2280,6.50%,3705,5985,2280,3705,5985,,0,0.00%,0,100.00%,5985,Hoàn thành,,Đơn hàng từ các Shop khác nhau,Đã tồn tại,,,,,,Websites
260617AEYGEWPM,Hoàn thành,235359687220060,2026-06-17 08:41:27,2026-06-21 11:49:35,2026-06-14 14:05:34,Tiệm sách Cô Thương Nhớ,1740899407,Shopee Mall(Non-CB),57460716175,Sách - Lý thuyết Nền Tảng môn Lịch Sử - Cô Nguyễn Hương Sen - Ôn thi THPT,355937583952,Normal Product,,Sách & Tạp Chí,Sách,Sách Giáo Dục,189000,1,XTRA Comm,,162340,,4.00%,6493.6,3.50%,5681.9,12175.5,6493.6,5681.9,12175.5,,0,0.00%,0,100.00%,12175.5,Hoàn thành,,Đơn hàng từ các Shop khác nhau,Đã tồn tại,,,,,,Websites
2606179K8TR19S,Hoàn thành,235329935223743,2026-06-17 00:25:36,2026-06-21 15:40:27,2026-06-17 00:19:37,Photocopy Gần Đây,1046273708,C2C(Non-CB),46552269901,Dịch Vụ In Tài Liệu Theo Yêu Cầu -  48 Ngày Lấy Gốc Tiếng Anh – Cô Mai Phương,380218844608,Normal Product,,Văn Phòng Phẩm,Sổ & Giấy Các Loại,Khác,68000,1,XTRA Comm,,58000,,4.00%,2320,6.50%,3770,6090,2320,3770,6090,,0,0.00%,0,100.00%,6090,Hoàn thành,,Đơn hàng từ các Shop khác nhau,Đã tồn tại,,,,,,Websites
2606179F1TKDB2,Đã hủy,235325405223992,2026-06-16 23:10:06,--,2026-06-16 23:08:13,BanyDecor,250844894,C2C(Non-CB),56400026020,Bộ Chén Chấm Hình Tròn gốm in hoạt hình hình dưa hấu bánh mì chuối men an toàn bảo hành vận chuyển BanyDecor,440000607043,Normal Product,,Nhà cửa & Đời sống,Bộ đồ bàn ăn,Tô,21000,0,XTRA Comm,,0,1000,4.00%,0,5.00%,0,0,0,0,0,,0,0.00%,0,100.00%,0,Đã hủy,Đơn hàng không hợp lệ.,Đơn hàng từ cùng một Shop,Đã tồn tại,,,,,,Others
2606169CYT888A,Hoàn thành,235323190267954,2026-06-16 22:33:11,2026-06-21 13:33:22,2026-06-16 21:57:54,Yanmei-BRA,1549035409,Preferred(Non-CB),55600264484,《Yanmei》7A Quần Lót Su Lạnh Không Viền Không Đường May Mỏng Nhẹ Thoáng Mát,355025113582,Normal Product,,Thời Trang Nữ,Đồ lót,Quần lót,16000,1,Shopee Comm,,0,,4.00%,0,0.00%,0,0,0,0,0,,0,0.00%,0,100.00%,0,Hoàn thành,,Đơn hàng từ các Shop khác nhau,Đã tồn tại,,,,,,Zalo
260616927Q31S6,Hoàn thành,235311644221737,2026-06-16 19:20:44,2026-06-19 18:07:48,2026-06-16 12:00:57,Pet Food & More.,871029815,Preferred(Non-CB),25515903809,Teb City Thức Ăn Hạt Cho Mèo Mix Thịt Sấy Cao Cấp Không Độn Ngũ Cốc Túi 1.5Kg,147211683455,Normal Product,,Chăm Sóc Thú Cưng,Thức ăn cho thú cưng,Thức ăn cho mèo,275000,1,Shopee Comm,,225500,,0.00%,0,0.00%,0,0,0,0,0,,0,0.00%,0,100.00%,0,Hoàn thành,,Đơn hàng từ các Shop khác nhau,Đã tồn tại,,,,,,Websites
26061691Y6CKSJ,Hoàn thành,235311358271002,2026-06-16 19:16:05,2026-06-18 12:49:39,2026-06-15 23:03:44,VTĐL MINH KHÔI,36519365,Preferred(Non-CB),24217092737,REMOTE MÁY LẠNH MITSUBISHI - ĐIỀU KHIỂN MÁY LẠNH MITSUBISHI (tặng kèm pin),245420139236,Normal Product,,Thiết Bị Điện Gia Dụng,Thiết bị điều khiển từ xa,,68600,1,Shopee Comm,,68600,,4.00%,2744,0.00%,0,2744,2744,0,2744,,0,0.00%,0,100.00%,2744,Hoàn thành,,Đơn hàng từ các Shop khác nhau,Đã tồn tại,,,,,,Websites
2606168XFRH6WG,Đã hủy,235307619208765,2026-06-16 18:13:40,--,2026-06-16 14:51:43,CÁO FASHION,42936281,Preferred(Non-CB),55500171772,túi xách nữ đeo chéo nữ - FULLBOX - size 22 ( mẫu mới)- QC cao cấp. chất liệu da sần nhập khẩu đủ 4 màu- sỉ -lẻ sll,249066257280,Normal Product,,Túi Ví Nữ,Túi đeo chéo & Túi đeo vai,,89000,0,XTRA Comm,,0,89000,4.00%,0,1.00%,0,0,0,0,0,,0,0.00%,0,100.00%,0,Đã hủy,Đơn hàng bị hủy vì giao hàng không thành công.,Đơn hàng từ các Shop khác nhau,Mới,,,,,,Websites
2606168QM7S1TT,Đã hủy,235300253217919,2026-06-16 16:10:53,--,2026-06-16 10:13:49,MoonBook- Top 1 sách luyện thi,172171368,Shopee Mall(Non-CB),2968140102,Sách Tiếng anh cho người bắt đầu Moonbook,232568919043,Normal Product,,Sách & Tạp Chí,Sách,Sách Học Ngoại Ngữ & Từ Điển,164000,0,Shopee Comm,,0,131200,4.00%,0,0.00%,0,0,0,0,0,,0,0.00%,0,100.00%,0,Đã hủy,Đơn hàng không hợp lệ.,Đơn hàng từ các Shop khác nhau,Đã tồn tại,,,,,,Websites
2606168FP3SRF3,Hoàn thành,235291726221900,2026-06-16 13:48:46,2026-06-22 16:27:38,2026-06-09 22:38:24,MoonBook- Top 1 sách luyện thi,172171368,Shopee Mall(Non-CB),19285025892,Sách tổng ôn Toán 9 tập 1 & 2 Chương trình mới : Sách toán 9 ôn thi vào 10 Cho 2K12 - Moonbook,232110088013,Normal Product,,Sách & Tạp Chí,Sách,Khoa Học - Toán Học,150000,1,Shopee Comm,,140000,,4.00%,5600,0.00%,0,5600,5600,0,5600,,0,0.00%,0,100.00%,5600,Hoàn thành,,Đơn hàng từ các Shop khác nhau,Đã tồn tại,,,,,,Websites
2606168BHSFYBD,Hoàn thành,235287286235229,2026-06-16 12:34:46,2026-06-22 21:02:05,2026-06-15 09:54:08,Lyzinshop,1384262610,C2C(Non-CB),52308792525,Áo Babydoll Kiểu Nữ Tay Bồng Có Dây Nơ Ngực Dáng Bí Bồng Xoè Công Chúa Tiểu Thư Lyzinshop - A141,315782071670,Normal Product,,Thời Trang Nữ,Áo,Áo sơ mi,149000,1,XTRA Comm,,149000,,4.00%,5960,4.00%,5960,11920,5960,5960,11920,,0,0.00%,0,100.00%,11920,Hoàn thành,,Đơn hàng từ các Shop khác nhau,Đã tồn tại,,,,,,Websites
2606167WYQ9EWQ,Hoàn thành,235272722297196,2026-06-16 08:32:23,2026-06-21 14:34:07,2026-06-16 06:10:43,samsam4896,23272936,C2C(Non-CB),28736076059,[HOTTREND] Aó Thun tay Lỡ In Hình Mèo Cat Cute Samsam4896,224215595677,Normal Product,,Thời Trang Nữ,Áo,Áo thun,59900,1,XTRA Comm,,49900,,4.00%,1996,3.00%,1497,3493,1996,1497,3493,,0,0.00%,0,100.00%,3493,Hoàn thành,,Đơn hàng từ các Shop khác nhau,Đã tồn tại,,,,,,Websites
2606156VHV8GB6,Hoàn thành,235236823268341,2026-06-15 22:33:44,2026-06-21 10:51:49,2026-06-15 21:37:19,Văn Phòng Phẩm Minh Quân,1186977530,Preferred(Non-CB),44507627601,"Combo 5 Bút gel Fasgel Thiên Long GEL-068 - viết mực nước êm trơn ngòi cao cấp 0.5mm, nét êm trơn",282545457827,Normal Product,,Văn Phòng Phẩm,Bút Các Loại,Bút & Mực,30000,1,Shopee Comm,,15000,,4.00%,600,0.00%,0,600,1200,0,1200,,0,0.00%,0,100.00%,1200,Hoàn thành,,Đơn hàng từ các Shop khác nhau,Đã tồn tại,,,,,,Websites
2606156VHV8GB6,Hoàn thành,235236823268341,2026-06-15 22:33:44,2026-06-21 10:51:49,2026-06-15 21:37:19,Văn Phòng Phẩm Minh Quân,1186977530,Preferred(Non-CB),44507627601,"Combo 5 Bút gel Fasgel Thiên Long GEL-068 - viết mực nước êm trơn ngòi cao cấp 0.5mm, nét êm trơn",282545457826,Normal Product,,Văn Phòng Phẩm,Bút Các Loại,Bút & Mực,30000,1,Shopee Comm,,15000,,4.00%,600,0.00%,0,600,0,0,0,,0,0.00%,0,100.00%,0,Hoàn thành,,Đơn hàng từ các Shop khác nhau,Đã tồn tại,,,,,,Websites
2606156RKFQ2FB,Hoàn thành,235232582259815,2026-06-15 21:23:02,2026-06-21 00:24:37,2026-06-14 23:30:03,Nguyên liệu pha chế Riori,1107113503,Preferred(Non-CB),50100358017,Siro Golden Farm Đậm Đặc 700ml (Nhiều mùi) - Vị Quýt HOT TREND,400033779723,Normal Product,,Thực phẩm và đồ uống,Đồ uống,Siro pha,88200,2,Shopee Comm,,141120,,4.00%,5644.8,0.00%,0,5644.8,5644.8,0,5644.8,,0,0.00%,0,100.00%,5644.8,Hoàn thành,,Đơn hàng từ các Shop khác nhau,Đã tồn tại,,,,,,Websites
2606156GNEK485,Hoàn thành,235224058245173,2026-06-15 19:01:02,2026-06-17 17:55:25,2026-06-09 17:40:52,Cherrykoko.vn,890100515,C2C(CB),27401068358,💞Cherry💞 4 / 6 / 9 / 1 Cái Đàn Hồi Trong Suốt Xoắn Ốc Tóc Dây Đuôi Ngựa Tóc Vòng Cao Su Mũ Đội Đầu,217537302444,Normal Product,,Phụ Kiện Thời Trang,Phụ kiện tóc,Đồ buộc tóc & Nơ,7380,1,XTRA Comm,,0,,4.00%,0,1.00%,0,0,0,0,0,,0,0.00%,0,100.00%,0,Hoàn thành,,Đơn hàng từ các Shop khác nhau,Đã tồn tại,,,,,,Websites
2606156A57A70K,Hoàn thành,235217072291994,2026-06-15 17:04:53,2026-06-19 21:03:18,2026-06-12 09:08:51,Nhang Quế - Nghĩa Phước Lộc,1119925006,Preferred(Non-CB),27642828343,"(1KG)Nhang Sạch Không Màu Không Mùi, Ít Khói Ít Tàn - An Toàn Sức Khỏe - Tàn Trắng, Nghĩa Phước Lộc!",281936275438,Normal Product,,Nhà cửa & Đời sống,"Đồ thờ cúng, đồ phong thủy",,54900,3,XTRA Comm,,139492,,4.00%,5579.68,5.00%,6974.6,12554.28,5579.68,6974.6,12554.28,,0,0.00%,0,100.00%,12554.28,Hoàn thành,,Đơn hàng từ các Shop khác nhau,Đã tồn tại,,,,,,Websites
260615600NSV1Y,Hoàn thành,235206182298741,2026-06-15 14:03:23,2026-06-18 17:58:46,2026-06-14 22:07:09,YOLO Stationery,827650386,Preferred(CB),49056904606,"4 Cái / bộ Bút xoắn xoay mới, bút gel chủ đề mèo con, 0,5mm, bút đen khô nhanh để luyện tập và thi.",340615907566,Normal Product,,Văn Phòng Phẩm,Bút Các Loại,Bút & Mực,1000,1,XTRA Comm,,1000,,4.00%,40,1.50%,15,55,40,15,55,,0,0.00%,0,100.00%,55,Hoàn thành,,Đơn hàng từ các Shop khác nhau,Đã tồn tại,,,,,,Websites
2606155XWDHYW3,Hoàn thành,235204998243623,2026-06-15 13:43:22,2026-06-16 11:50:39,2026-06-08 22:39:18,Thiên Kim Cương,1780906428,Preferred(Non-CB),46258956759,Hạt Sáp Lông Cứng Không Cần Giấy Tẩy Lông Nóng Nhẹ Dịu Mịn Da Bikini Mặt,272542466159,Normal Product,,Sắc Đẹp,Tắm & chăm sóc cơ thể,Kem tẩy lông & wax lông,28000,1,XTRA Comm,,13300,,4.00%,532,4.50%,598.5,1130.5,532,598.5,1130.5,,0,0.00%,0,100.00%,1130.5,Hoàn thành,,Đơn hàng từ các Shop khác nhau,Đã tồn tại,,,,,,Websites
2606155XWDHYW2,Hoàn thành,235204998243622,2026-06-15 13:43:22,2026-06-20 19:28:52,2026-06-08 22:39:18,UPWAXING,71994990,Preferred(Non-CB),20232992862,"Chén - Lồng Nồi Silicon Nấu Sáp Chống Dính, Chén Nấu Sáp Wax Lông",220579983806,Normal Product,,Sắc Đẹp,Dụng cụ làm đẹp,Dụng cụ tẩy lông,15800,1,XTRA Comm,,6100,,4.00%,244,1.50%,91.5,335.5,244,91.5,335.5,,0,0.00%,0,100.00%,335.5,Hoàn thành,,Đơn hàng từ các Shop khác nhau,Đã tồn tại,,,,,,Websites
2606155R2Y5H11,Hoàn thành,235197669294641,2026-06-15 11:41:30,2026-06-18 09:33:57,2026-06-12 09:44:11,Huggies Viet Nam,863711032,Shopee Mall(Non-CB),19677214152,Tã/Bỉm Dán Sơ Sinh Huggies Skin Perfect NB/S với 2 Vùng Thấm Giảm Kích Ứng Da,255267582753,Normal Product,,Mẹ & Bé,Tã & bô em bé,Tã dùng một lần,163000,1,XTRA Comm,,140180,,4.00%,5607.2,2.00%,2803.6,8410.8,5607.2,2803.6,8410.8,,0,0.00%,0,100.00%,8410.8,Hoàn thành,,Đơn hàng từ các Shop khác nhau,Đã tồn tại,,,,,,Websites
2606155EPH5NGV,Hoàn thành,235187587282373,2026-06-15 08:53:09,2026-06-19 13:49:11,2026-06-14 13:25:19,yakult.vn,928345174,C2C(CB),18982551109,🎀 yakult 🎀Kẹp Tóc Hình Ngôi Sao Đám Mây Trái Tim Hoạt Hình Liu Haihai Phong Cách Hàn Quốc Cho Nữ,225481068712,Normal Product,,Phụ Kiện Thời Trang,Phụ kiện tóc,Kẹp tóc,3480,1,XTRA Comm,,0,,4.00%,0,4.00%,0,0,0,0,0,,0,0.00%,0,100.00%,0,Hoàn thành,,Đơn hàng từ các Shop khác nhau,Đã tồn tại,,,,,,Websites
2606154NQRRFNQ,Hoàn thành,235160785251714,2026-06-15 01:26:25,2026-06-19 10:08:47,2026-06-09 00:55:15,NASU MAY -XƯỞNG MAY THỜI TRANG,30142553,Preferred(Non-CB),28032123266,"Áo Thun, Áo Phông Mắt Mèo SZOH xanh than oversize nam nữ",215955911014,Normal Product,,Thời Trang Nữ,Áo,Áo thun,50250,1,XTRA Comm,,35551,,4.00%,1422.04,1.00%,355.51,1777.55,1422.04,355.51,1777.55,,0,0.00%,0,100.00%,1777.55,Hoàn thành,,Đơn hàng từ các Shop khác nhau,Đã tồn tại,,,,,,Websites
2606154NQRRFNP,Hoàn thành,235160785251713,2026-06-15 01:26:25,2026-06-20 13:06:04,2026-06-09 00:55:15,Lù Store - Shoes and Clothes,404405029,Preferred(Non-CB),9677961745,"Dép bánh mì vân nhám nam nữ, dép nữ đi trong nhà trơn đế răng cưa cao 4cm [Lù store] - BM02",76419272726,Normal Product,,Giày Dép Nữ,Xăng-đan và dép,Dép kẹp/ dép xỏ ngón,59000,1,XTRA Comm,,41699,,4.00%,1667.96,4.00%,1667.96,3335.92,1667.96,1667.96,3335.92,,0,0.00%,0,100.00%,3335.92,Hoàn thành,,Đơn hàng từ các Shop khác nhau,Đã tồn tại,,,,,,Websites
26061445BGPQDV,Hoàn thành,235143194287398,2026-06-14 20:33:16,2026-06-24 12:27:26,2026-06-14 14:42:39,Kho Sách Fahasa Online,1441006448,Shopee Mall(Non-CB),49560907449,Sách Giáo Khoa Bộ Lớp 9 - Kết Nối - Chuẩn Bộ Giáo Dục Kèm Hộp Bút Chì,430950453937,Normal Product,,Sách & Tạp Chí,Sách,Sách Giáo Dục,231700,1,Shopee Comm,,108400,,4.00%,4336,0.00%,0,4336,4336,0,4336,,0,0.00%,0,100.00%,4336,Hoàn thành,,Đơn hàng từ các Shop khác nhau,Đã tồn tại,,,,,,Websites
2606143QH68Q0E,Hoàn thành,235128352270055,2026-06-14 16:25:59,2026-06-21 16:16:14,2026-06-09 12:21:05,Ăn Vặt Bé Mầm,1449195889,Preferred(Non-CB),29723346158,"500G Chuối Sấy Mè Gừng Thơm Ngon Giòn Tan, Chuối Sấy Mè Gừng Đặc Biệt, Đồ Ăn Vặt Bé Mầm.",223700302777,Normal Product,,Thực phẩm và đồ uống,Đồ ăn vặt,Thức ăn khô,32000,1,Shopee Comm,,12000,,4.00%,480,0.00%,0,480,480,0,480,,0,0.00%,0,100.00%,480,Hoàn thành,,Đơn hàng từ các Shop khác nhau,Đã tồn tại,,,,,,Websites
2606143J3AGDUU,Hoàn thành,235122518259854,2026-06-14 14:48:39,2026-06-19 12:08:54,2026-06-14 09:07:37,Daycaosu22,1368617638,Preferred(Non-CB),28517940586,5 Dây Thun Cao Su super Hunter Xanh chuối,169123248104,Normal Product,,Thể Thao & Dã Ngoại,Dụng Cụ Thể Thao & Dã Ngoại,Bắn Súng & Game Sinh Tồn,45000,1,XTRA Comm,,45000,,4.00%,1800,1.50%,675,2475,1800,675,2475,,0,0.00%,0,100.00%,2475,Hoàn thành,,Đơn hàng từ các Shop khác nhau,Đã tồn tại,,,,,,Websites
2606143HVUJ796,Hoàn thành,235122301259543,2026-06-14 14:45:02,2026-06-16 17:07:57,2026-06-12 00:09:25,ONKIM-TỔNG KHO JEANS NỮ,29480567,Preferred(Non-CB),24993257850,Quần jeans nữ suông lưng cao dáng basic màu xanh ánh bạc phom dáng chuẩn,253019177996,Normal Product,,Thời Trang Nữ,Quần jeans,,149000,1,XTRA Comm,,69000,,4.00%,2760,1.00%,690,3450,2760,690,3450,,0,0.00%,0,100.00%,3450,Hoàn thành,,Đơn hàng từ các Shop khác nhau,Đã tồn tại,,,,,,Websites
2606143CNRA50X,Hoàn thành,235116694253991,2026-06-14 13:11:35,2026-06-17 00:27:17,2026-06-13 19:44:57,MoonBook- Top 1 sách luyện thi,172171368,Shopee Mall(Non-CB),40175145192,Sách Tiếng anh cho người bắt đầu Level A1-A2 - Moonbook,287037917327,Normal Product,,Sách & Tạp Chí,Sách,Sách Học Ngoại Ngữ & Từ Điển,164000,1,Shopee Comm,,135520,,4.00%,5420.8,0.00%,0,5420.8,5420.8,0,5420.8,,0,0.00%,0,100.00%,5420.8,Hoàn thành,,Đơn hàng từ các Shop khác nhau,Đã tồn tại,,,,,,Websites
26061439BUV87F,Hoàn thành,235113141227671,2026-06-14 12:12:22,2026-06-16 18:25:16,2026-06-11 08:00:44,KLONG,29741058,Preferred(Non-CB),24211709556,Vở kẻ ngang chấm may dán gáy KLONG B5 200 trang 70/92; MS: 872,232496926419,Normal Product,,Văn Phòng Phẩm,Sổ & Giấy Các Loại,"Tập, Vở Các Loại",28000,2,Shopee Comm,,45403,,4.00%,1816.12,0.00%,0,1816.12,7233.52,0,7233.52,,0,0.00%,0,100.00%,7233.52,Hoàn thành,,Đơn hàng từ các Shop khác nhau,Đã tồn tại,,,,,,Websites
26061439BUV87F,Hoàn thành,235113141227671,2026-06-14 12:12:22,2026-06-16 18:25:16,2026-06-11 08:00:44,KLONG,29741058,Preferred(Non-CB),28858237439,Sổ giáo án 4 ô ly may dán gáy KLONG A4 300 trang 70/92; MS: 371,108431602915,Normal Product,,Văn Phòng Phẩm,Sổ & Giấy Các Loại,"Tập, Vở Các Loại",47774,1,Shopee Comm,,38689,,4.00%,1547.56,0.00%,0,1547.56,0,0,0,,0,0.00%,0,100.00%,0,Hoàn thành,,Đơn hàng từ các Shop khác nhau,Đã tồn tại,,,,,,Websites
26061439BUV87F,Hoàn thành,235113141227671,2026-06-14 12:12:22,2026-06-16 18:25:16,2026-06-11 08:00:44,KLONG,29741058,Preferred(Non-CB),54809294275,"Vở kẻ ngang ghim InviDot Line Deadline KLONG B5 80 - 120 - 200 trang 100/76; MS: 873, 874, 875",355822966221,Normal Product,,Văn Phòng Phẩm,Sổ & Giấy Các Loại,"Tập, Vở Các Loại",11500,9,Shopee Comm,,83952,,4.00%,3358.08,0.00%,0,3358.08,0,0,0,,0,0.00%,0,100.00%,0,Hoàn thành,,Đơn hàng từ các Shop khác nhau,Đã tồn tại,,,,,,Websites
26061439BUV87F,Hoàn thành,235113141227671,2026-06-14 12:12:22,2026-06-16 18:25:16,2026-06-11 08:00:44,KLONG,29741058,Preferred(Non-CB),54809294275,"Vở kẻ ngang ghim InviDot Line Deadline KLONG B5 80 - 120 - 200 trang 100/76; MS: 873, 874, 875",355822966222,Normal Product,,Văn Phòng Phẩm,Sổ & Giấy Các Loại,"Tập, Vở Các Loại",15500,1,Shopee Comm,,12794,,4.00%,511.76,0.00%,0,511.76,0,0,0,,0,0.00%,0,100.00%,0,Hoàn thành,,Đơn hàng từ các Shop khác nhau,Đã tồn tại,,,,,,Websites
26061438TMMMJJ,Hoàn thành,235112563217904,2026-06-14 12:02:43,2026-06-21 13:06:12,2026-06-14 11:57:29,Luxe-,1787913983,Preferred(Non-CB),50809531379,100 miếng Que kem gỗ 11.3 cm hàng xuất khẩu chất lượng cao thân thiện với môi trường,325842744823,Normal Product,,Nhà cửa & Đời sống,Dụng cụ nhà bếp,Khác,12900,1,XTRA Comm,,9885,,4.00%,395.4,1.00%,98.85,494.25,395.4,98.85,494.25,,0,0.00%,0,100.00%,494.25,Hoàn thành,,Đơn hàng từ các Shop khác nhau,Đã tồn tại,,,,,,Websites
260614380M3C4V,Hoàn thành,235111690230890,2026-06-14 11:48:10,2026-06-18 19:41:13,2026-06-11 08:13:47,CHIRITA,391498477,Preferred(Non-CB),26629302517,Giấy Gấp Sao Dạ Quang 1000 Tờ Phát Sáng Nhiều Họa Tiết - Giấy Xếp Ngôi Sao Nhiều Màu Làm Thủ Công Quà Tặng Chirita,242862332529,Normal Product,,Văn Phòng Phẩm,Sổ & Giấy Các Loại,Giấy Mỹ Thuật,15000,1,XTRA Comm,,0,,4.00%,0,1.00%,0,0,0,0,0,,0,0.00%,0,100.00%,0,Hoàn thành,,Đơn hàng từ các Shop khác nhau,Đã tồn tại,,,,,,Websites
2606142WT0SR1N,Hoàn thành,235100731247074,2026-06-14 08:45:35,2026-06-19 10:33:37,2026-06-10 18:48:55,LinhKiệnMáyMay.FINGTING_Cường,1193669984,Preferred(Non-CB),29550161818,"Đèn Led Máy May FIGHTING 10-20-30-40 Bóng Chiếu Sáng Có Nam Châm.Ánh sáng ....Không hại thị lực,Tiết kiệm điện nă40",240840310087,Normal Product,,Thiết Bị Điện Gia Dụng,Thiết bị điện gia dụng nhỏ,Máy may & Phụ kiện,70000,1,XTRA Comm,,70000,,4.00%,2800,1.50%,1050,3850,2800,1050,3850,,0,0.00%,0,100.00%,3850,Hoàn thành,,Đơn hàng từ các Shop khác nhau,Đã tồn tại,,,,,,Websites
2606142UX1YKQV,Hoàn thành,235098719221897,2026-06-14 08:11:59,2026-06-16 10:20:35,2026-06-09 17:40:30,"Chuyên bán sỉ, lẻ - Thaylamua",6145207,C2C(Non-CB),5440823025,[GIÁ RẺ VÔ ĐỊCH] Chà Lưng Thaylamua Cọ Lưng Tắm Cao Cấp Tẩy Tế Bào Chết Dây Tắm Chà Lưng 2 Mặt,21167389617,Normal Product,,Nhà cửa & Đời sống,Đồ dùng phòng tắm,Bông tắm,17000,1,XTRA Comm,,11688,,4.00%,467.52,3.50%,409.08,876.6,935,818.125,1753.125,,0,0.00%,0,100.00%,1753.125,Hoàn thành,,Đơn hàng từ các Shop khác nhau,Đã tồn tại,,,,,,Google Search
2606142UX1YKQV,Hoàn thành,235098719221897,2026-06-14 08:11:59,2026-06-16 10:20:35,2026-06-09 17:40:30,"Chuyên bán sỉ, lẻ - Thaylamua",6145207,C2C(Non-CB),5440823025,[GIÁ RẺ VÔ ĐỊCH] Chà Lưng Thaylamua Cọ Lưng Tắm Cao Cấp Tẩy Tế Bào Chết Dây Tắm Chà Lưng 2 Mặt,100841997841,Normal Product,,Nhà cửa & Đời sống,Đồ dùng phòng tắm,Bông tắm,17000,1,XTRA Comm,,11687,,4.00%,467.48,3.50%,409.045,876.525,0,0,0,,0,0.00%,0,100.00%,0,Hoàn thành,,Đơn hàng từ các Shop khác nhau,Đã tồn tại,,,,,,Google Search
2606142UX1YKQU,Đã hủy,235098719221896,2026-06-14 08:11:59,--,2026-06-09 17:40:30,Gia dụng Huy Tuấn,601677,Preferred(Non-CB),3750334079,"Dây Chà Lưng Silicon, Dây Kì Lưng làm Sạch Tế Bào Chết, Đai Cọ Tắm Silicon huytuan3010",86060531575,Normal Product,,Nhà cửa & Đời sống,Đồ dùng phòng tắm,Bông tắm,15000,0,Shopee Comm,,0,20625,4.00%,0,0.00%,0,0,0,0,0,,0,0.00%,0,100.00%,0,Đã hủy,Đơn hàng bị hủy vì giao hàng không thành công.,Đơn hàng từ các Shop khác nhau,Đã tồn tại,,,,,,Google Search
2606131T98T27A,Hoàn thành,235062588257361,2026-06-13 22:09:49,2026-06-17 19:17:00,2026-06-09 10:47:40,LH Clothing,1192383642,Preferred(Non-CB),24833749783,"Set bộ dài - Sét bộ nữ, sét bộ chất đũi vân mây áo đỏ sát nách xếp ly thắt dây nơ croptop phối quần suông xếp ly nhẹ",425837285566,Normal Product,,Thời Trang Nữ,Bộ,Đồ lẻ,197002,1,XTRA Comm,,116702,,4.00%,4668.08,2.50%,2917.55,7585.63,4668.08,2917.55,7585.63,,0,0.00%,0,100.00%,7585.63,Hoàn thành,,Đơn hàng từ các Shop khác nhau,Đã tồn tại,,,,,,Websites
2606131N1WWYFJ,Hoàn thành,235056973261019,2026-06-13 20:36:13,2026-06-18 11:05:39,2026-06-13 16:52:51,Unicoshop_tai nghe_cáp sạc,363074756,Preferred(Non-CB),4988928530,🔥Unico A🔥Tai Nghe Gaming Có Dây Nhét Tai Chơi Game Chống Ồn Có Mic In Ear Cho PC IPPlus và các dòng điện thoại,257282453911,Normal Product,,Thiết Bị Âm Thanh,Tai nghe nhét tai & chụp tai,,32242,1,XTRA Comm,,16142,,4.00%,645.68,1.50%,242.13,887.81,645.68,242.13,887.81,,0,0.00%,0,100.00%,887.81,Hoàn thành,,Đơn hàng từ các Shop khác nhau,Đã tồn tại,,,,,,Google Search
2606131K09Y11A,Hoàn thành,235054771285929,2026-06-13 19:59:33,2026-06-18 14:05:21,2026-06-09 05:35:14,COVERGIRL,1315797335,Shopee Mall(Non-CB),25492770322,COVERGIRL - Combo 2 Món Uốn Mi - Dụng Cụ Bấm Mi (Kẹp Mi Góc Rộng + Góc Nhỏ) Tiện Lợi,118623069681,Normal Product,,Sắc Đẹp,Dụng cụ làm đẹp,Dụng cụ trang điểm,9000,1,Shopee Comm,,0,,4.00%,0,0.00%,0,0,0,0,0,,0,0.00%,0,100.00%,0,Hoàn thành,,Đơn hàng từ các Shop khác nhau,Đã tồn tại,,,,,,Zalo
2606131J76X9YC,Hoàn thành,235053929253178,2026-06-13 19:45:30,2026-06-24 09:59:19,2026-06-09 10:53:54,Mino Nailbox,173444106,C2C(Non-CB),50553854927,M263 Nailbox mắt mèo bạc phối trắng vẽ chấm bi ngôi sao Mino Nailbox,330366948048,Normal Product,,Sắc Đẹp,"Chăm sóc tay, chân & móng",Chăm sóc móng,65000,1,XTRA Comm,,51350,,4.00%,2054,1.50%,770.25,2824.25,2054,770.25,2824.25,,0,0.00%,0,100.00%,2824.25,Hoàn thành,,Đơn hàng từ các Shop khác nhau,Đã tồn tại,,,,,,Websites
260612V5AS1TN9,Hoàn thành,234967803206740,2026-06-12 19:50:04,2026-06-15 18:31:26,2026-06-10 18:19:26,KLONG,29741058,Preferred(Non-CB),50307376063,"Sổ bìa cứng kẻ ngang InviDot Line Composition Book A4 200-320 trang 70/76; MS: 662, 663",405655581069,Normal Product,,Văn Phòng Phẩm,Sổ & Giấy Các Loại,"Tập, Vở Các Loại",68000,1,Shopee Comm,,68000,,4.00%,2720,0.00%,0,2720,2720,0,2720,,0,0.00%,0,100.00%,2720,Hoàn thành,,Đơn hàng từ các Shop khác nhau,Đã tồn tại,,,,,,Websites
260612V2U2XVBP,Hoàn thành,234965129230578,2026-06-12 19:05:29,2026-06-17 15:48:49,2026-06-07 07:55:46,Muyuan Văn phòng phẩm,1747571486,Preferred(Non-CB),46406376725,Cặp Hồ Sơ Muyuan 13 Ngăn – Túi Đựng Tài Liệu Nhiều Ngăn Thiết Kế Đơn Giản,292629911225,Normal Product,,Văn Phòng Phẩm,Thiết Bị Trường Học,Dụng Cụ Lưu Trữ Giấy Tờ,36000,1,XTRA Comm,,16000,,4.00%,640,4.00%,640,1280,640,640,1280,,0,0.00%,0,100.00%,1280,Hoàn thành,,Đơn hàng từ các Shop khác nhau,Đã tồn tại,,,,,,Websites
260612V0WU6E01,Hoàn thành,234963074278778,2026-06-12 18:31:22,2026-06-19 17:24:12,2026-06-12 11:00:12,Qcookokid,1708716233,C2C(Non-CB),52907561642,"Hộp trữ sữa bột cho bé mang đi Bộ 6 Hộp, Cốc đựng sữa bột cho bé mang đi 80ml, Kín và chống ẩm",302473468158,Normal Product,469439485653071_0_0,Mẹ & Bé,Đồ dùng ăn dặm cho bé,Đồ dùng cho bé,12000,2,XTRA Comm,,4000,,4.00%,160,2.50%,100,260,160,100,260,,0,0.00%,0,100.00%,260,Hoàn thành,,Đơn hàng từ các Shop khác nhau,Đã tồn tại,,,,,,Websites
260612V0WU6E01,Hoàn thành,234963074278778,2026-06-12 18:31:22,2026-06-19 17:24:12,2026-06-12 11:00:12,Qcookokid,1708716233,C2C(Non-CB),53511517601,"Máy Hút Sữa Tay Cao Cấp – Điều Chỉnh Lực Hút Linh Hoạt, Êm Ái, Gọn Nhẹ – Bình Hút Sữa 150ml Kèm Núm Ty & Nắp",267670835053,Normal Product,469439485653071_0_0,Mẹ & Bé,Đồ dùng ăn dặm cho bé,Đồ dùng cho con bú,0,1,XTRA Comm,,0,,4.00%,0,2.50%,0,0,0,0,0,,0,0.00%,0,100.00%,0,Hoàn thành,,Đơn hàng từ các Shop khác nhau,Đã tồn tại,,,,,,Websites
260612UWH55525,Hoàn thành,234959427283949,2026-06-12 17:30:29,2026-06-20 13:13:43,2026-06-11 19:38:56,Chew Berry,711707322,Preferred(Non-CB),11589455275,BỘ NGỦ NỮ CAXA 🦋 SET PIJAMA MẶC NHÀ 2 MÀU XANH CAM🦋,281903604375,Normal Product,,Thời Trang Nữ,Đồ ngủ,Pyjama,43660,1,XTRA Comm,,43660,,4.00%,1746.4,1.00%,436.6,2183,1746.4,436.6,2183,,0,0.00%,0,100.00%,2183,Hoàn thành,,Đơn hàng từ các Shop khác nhau,Đã tồn tại,,,,,,TikTok
260612UHDXYQW0,Hoàn thành,234946435256107,2026-06-12 13:53:56,2026-06-18 19:19:33,2026-06-08 17:14:37,Havana Wholesale,912477132,Shopee Mall(Non-CB),47904499749,PHẤN PHỦ PERFECT DIARY WEIGHTLESS SOFT VELVET BLURRING LOOSE POWDER,415666609678,Normal Product,,Sắc Đẹp,Trang điểm,Trang điểm mặt,210000,1,Shopee Comm,,185000,,4.00%,7400,0.00%,0,7400,7400,0,7400,,0,0.00%,0,100.00%,7400,Hoàn thành,,Đơn hàng từ các Shop khác nhau,Đã tồn tại,,,,,,Websites
260612UEQXPR1A,Hoàn thành,234943549278260,2026-06-12 13:05:56,2026-06-16 10:06:21,2026-06-07 20:09:32, moody Official Store ,635125975,Shopee Mall(CB),41910332677,Giải pháp kính áp tròng MOODYBLUE,258675079488,Normal Product,,Sức Khỏe,Chăm sóc cá nhân,Chăm sóc mắt,54900,1,XTRA Comm,,43920,,4.00%,1756.8,2.50%,1098,2854.8,1756.8,1098,2854.8,,0,0.00%,0,100.00%,2854.8,Hoàn thành,,Đơn hàng từ các Shop khác nhau,Đã tồn tại,,,,,,Websites
260612T5B5X51R,Hoàn thành,234899097236460,2026-06-12 00:44:57,2026-06-14 22:23:23,2026-06-11 23:28:32,M.Y-Stationery,1451947204,Preferred(Non-CB),47150548058,Kẹp Tài Liệu 13 Ngăn M.Y A4 Văn Phòng Phẩm Sắp Xếp Tiện Lợi Dung Tích Lớn 13 Tầng Cho Quản Lý Tài Liệu Hiệu Quả,415046900687,Normal Product,,Văn Phòng Phẩm,Thiết Bị Trường Học,Dụng Cụ Lưu Trữ Giấy Tờ,32000,1,XTRA Comm,,27280,,4.00%,1091.2,4.50%,1227.6,2318.8,2771.2,3117.6,5888.8,,0,0.00%,0,100.00%,5888.8,Hoàn thành,,Đơn hàng từ các Shop khác nhau,Đã tồn tại,,,,,,Websites
260612T5B5X51R,Hoàn thành,234899097236460,2026-06-12 00:44:57,2026-06-14 22:23:23,2026-06-11 23:28:32,M.Y-Stationery,1451947204,Preferred(Non-CB),48203998810,"M.Y.-Bút Chì Cơ 2B, Điều Chỉnh Tư Thế Cầm, Kèm Dao Gọt Tiện Lợi, Ruột Chì 2mm Không Gãy",410377715885,Normal Product,,Văn Phòng Phẩm,Bút Các Loại,Bút Chì,42000,1,XTRA Comm,,42000,,4.00%,1680,4.50%,1890,3570,0,0,0,,0,0.00%,0,100.00%,0,Hoàn thành,,Đơn hàng từ các Shop khác nhau,Đã tồn tại,,,,,,Websites
260612T3NJ961N,Hoàn thành,234897298248439,2026-06-12 00:15:03,2026-06-16 15:35:54,2026-06-11 00:50:46,MrGeek,185995130,Preferred(Non-CB),49911053716,1 Cặp Đôi (2 cái) Sheild Shoes Chống nhăn mũi giày,410962156412,Normal Product,433238569464083_0_0,Giày Dép Nam,Phụ kiện giày dép,Cây đón gót & Giữ form giày,0,1,XTRA Comm,,0,,4.00%,0,2.50%,0,0,28768,17980,46748,,0,0.00%,0,100.00%,46748,Hoàn thành,,Đơn hàng từ các Shop khác nhau,Đã tồn tại,,,,,,Websites
260612T3NJ961N,Hoàn thành,234897298248439,2026-06-12 00:15:03,2026-06-16 15:35:54,2026-06-11 00:50:46,MrGeek,185995130,Preferred(Non-CB),56161033644,Geek hộp Carton đóng gói 35x15x25,435962151292,Normal Product,433238569464083_0_0,Văn Phòng Phẩm,Quà Tặng - Giấy Gói,Hộp Carton,0,1,XTRA Comm,,0,,4.00%,0,2.50%,0,0,0,0,0,,0,0.00%,0,100.00%,0,Hoàn thành,,Đơn hàng từ các Shop khác nhau,Đã tồn tại,,,,,,Websites
260612T3NJ961N,Hoàn thành,234897298248439,2026-06-12 00:15:03,2026-06-16 15:35:54,2026-06-11 00:50:46,MrGeek,185995130,Preferred(Non-CB),40871626231,[GeekSneaker] Best Quality - Giày Sneaker cổ thấp đế bằng Sam ba OG White Black - Chất Lượng Tốt Nhất,206287785355,Normal Product,433238569464083_0_0,Giày Dép Nam,Giày thể thao/ Sneakers,,899000,1,XTRA Comm,,719200,,4.00%,28768,2.50%,17980,46748,0,0,0,,0,0.00%,0,100.00%,0,Hoàn thành,,Đơn hàng từ các Shop khác nhau,Đã tồn tại,,,,,,Websites
260611SXK5RBW9,Hoàn thành,234891849280793,2026-06-11 22:44:11,2026-06-14 14:44:55,2026-06-08 22:01:27,Obebi,241368901,Shopee Mall(Non-CB),29741487220,Bộ Packaging Cao Cấp Obebi HG,296567786790,Normal Product,,Thời trang trẻ em & trẻ sơ sinh,Quần áo trẻ em,Bộ quần áo,33300,1,XTRA Comm,,3300,,4.00%,132,3.00%,99,231,132,99,231,,0,0.00%,0,100.00%,231,Hoàn thành,,Đơn hàng từ các Shop khác nhau,Đã tồn tại,,,,,,Zalo
260611SUUF1N0V,Hoàn thành,234888906246272,2026-06-11 21:55:10,2026-06-17 13:26:38,2026-06-11 19:21:53,VANISA FASHION,745159271,C2C(Non-CB),48052209884,Chân váy nỉ hai da xếp ly dáng ngắn xinh xắn 3 màu cơ bản xám đen nâu dễ phối đồ VANISA CT480,420323633119,Normal Product,,Thời Trang Nữ,Váy,,75000,1,XTRA Comm,,73000,,4.00%,2920,1.00%,730,3650,2920,730,3650,,0,0.00%,0,100.00%,3650,Hoàn thành,,Đơn hàng từ các Shop khác nhau,Đã tồn tại,,,,,,Websites
260611RUA6M2XU,Hoàn thành,234853967246400,2026-06-11 12:12:51,2026-06-13 20:51:24,2026-06-07 07:26:20,lovelyhome005.vn,178706384,Preferred(CB),41250736890,Cherry Bowknot Puppy Dog Hair Rope Dây buộc tóc Scrunchies Phụ kiện tóc,265059113433,Normal Product,,Phụ Kiện Thời Trang,Phụ kiện tóc,Đồ buộc tóc & Nơ,15179,1,XTRA Comm,,5179,,4.00%,207.16,3.00%,155.37,362.53,207.16,155.37,362.53,,0,0.00%,0,100.00%,362.53,Hoàn thành,,Đơn hàng từ các Shop khác nhau,Đã tồn tại,,,,,,Websites
260611R78QQ99U,Hoàn thành,234832443228275,2026-06-11 06:14:03,2026-06-16 12:46:53,2026-06-10 22:03:59,Kim Móc Len,69013932,Preferred(Non-CB),23248825689,"Len Milk Cotton Hàn Quốc 25gr, Len Siêu Mềm Cho Người Mới (Mã 01 - 62)",108960305920,Normal Product,,Thời Trang Nữ,Vải,Vải len,7800,1,XTRA Comm,,7745,,4.00%,309.8,4.00%,309.8,619.6,5266.88,5266.88,10533.76,,0,0.00%,0,100.00%,10533.76,Hoàn thành,,Đơn hàng từ các Shop khác nhau,Đã tồn tại,,,,,,Websites
260611R78QQ99U,Hoàn thành,234832443228275,2026-06-11 06:14:03,2026-06-16 12:46:53,2026-06-10 22:03:59,Kim Móc Len,69013932,Preferred(Non-CB),23248825689,"Len Milk Cotton Hàn Quốc 25gr, Len Siêu Mềm Cho Người Mới (Mã 01 - 62)",108960305928,Normal Product,,Thời Trang Nữ,Vải,Vải len,7800,1,XTRA Comm,,7745,,4.00%,309.8,4.00%,309.8,619.6,0,0,0,,0,0.00%,0,100.00%,0,Hoàn thành,,Đơn hàng từ các Shop khác nhau,Đã tồn tại,,,,,,Websites
260611R78QQ99U,Hoàn thành,234832443228275,2026-06-11 06:14:03,2026-06-16 12:46:53,2026-06-10 22:03:59,Kim Móc Len,69013932,Preferred(Non-CB),23248825689,"Len Milk Cotton Hàn Quốc 25gr, Len Siêu Mềm Cho Người Mới (Mã 01 - 62)",108960305940,Normal Product,,Thời Trang Nữ,Vải,Vải len,7800,1,XTRA Comm,,7745,,4.00%,309.8,4.00%,309.8,619.6,0,0,0,,0,0.00%,0,100.00%,0,Hoàn thành,,Đơn hàng từ các Shop khác nhau,Đã tồn tại,,,,,,Websites
260611R78QQ99U,Hoàn thành,234832443228275,2026-06-11 06:14:03,2026-06-16 12:46:53,2026-06-10 22:03:59,Kim Móc Len,69013932,Preferred(Non-CB),23248825689,"Len Milk Cotton Hàn Quốc 25gr, Len Siêu Mềm Cho Người Mới (Mã 01 - 62)",108960305941,Normal Product,,Thời Trang Nữ,Vải,Vải len,7800,1,XTRA Comm,,7745,,4.00%,309.8,4.00%,309.8,619.6,0,0,0,,0,0.00%,0,100.00%,0,Hoàn thành,,Đơn hàng từ các Shop khác nhau,Đã tồn tại,,,,,,Websites
260611R78QQ99U,Hoàn thành,234832443228275,2026-06-11 06:14:03,2026-06-16 12:46:53,2026-06-10 22:03:59,Kim Móc Len,69013932,Preferred(Non-CB),23248825689,"Len Milk Cotton Hàn Quốc 25gr, Len Siêu Mềm Cho Người Mới (Mã 01 - 62)",108960305931,Normal Product,,Thời Trang Nữ,Vải,Vải len,7800,1,XTRA Comm,,7745,,4.00%,309.8,4.00%,309.8,619.6,0,0,0,,0,0.00%,0,100.00%,0,Hoàn thành,,Đơn hàng từ các Shop khác nhau,Đã tồn tại,,,,,,Websites
260611R78QQ99U,Hoàn thành,234832443228275,2026-06-11 06:14:03,2026-06-16 12:46:53,2026-06-10 22:03:59,Kim Móc Len,69013932,Preferred(Non-CB),23248825689,"Len Milk Cotton Hàn Quốc 25gr, Len Siêu Mềm Cho Người Mới (Mã 01 - 62)",108960305935,Normal Product,,Thời Trang Nữ,Vải,Vải len,7800,1,XTRA Comm,,7745,,4.00%,309.8,4.00%,309.8,619.6,0,0,0,,0,0.00%,0,100.00%,0,Hoàn thành,,Đơn hàng từ các Shop khác nhau,Đã tồn tại,,,,,,Websites
260611R78QQ99U,Hoàn thành,234832443228275,2026-06-11 06:14:03,2026-06-16 12:46:53,2026-06-10 22:03:59,Kim Móc Len,69013932,Preferred(Non-CB),23248825689,"Len Milk Cotton Hàn Quốc 25gr, Len Siêu Mềm Cho Người Mới (Mã 01 - 62)",108960305943,Normal Product,,Thời Trang Nữ,Vải,Vải len,7800,1,XTRA Comm,,7745,,4.00%,309.8,4.00%,309.8,619.6,0,0,0,,0,0.00%,0,100.00%,0,Hoàn thành,,Đơn hàng từ các Shop khác nhau,Đã tồn tại,,,,,,Websites
260611R78QQ99U,Hoàn thành,234832443228275,2026-06-11 06:14:03,2026-06-16 12:46:53,2026-06-10 22:03:59,Kim Móc Len,69013932,Preferred(Non-CB),23248825689,"Len Milk Cotton Hàn Quốc 25gr, Len Siêu Mềm Cho Người Mới (Mã 01 - 62)",108960305946,Normal Product,,Thời Trang Nữ,Vải,Vải len,7800,1,XTRA Comm,,7745,,4.00%,309.8,4.00%,309.8,619.6,0,0,0,,0,0.00%,0,100.00%,0,Hoàn thành,,Đơn hàng từ các Shop khác nhau,Đã tồn tại,,,,,,Websites
260611R78QQ99U,Hoàn thành,234832443228275,2026-06-11 06:14:03,2026-06-16 12:46:53,2026-06-10 22:03:59,Kim Móc Len,69013932,Preferred(Non-CB),23248825689,"Len Milk Cotton Hàn Quốc 25gr, Len Siêu Mềm Cho Người Mới (Mã 01 - 62)",108960305916,Normal Product,,Thời Trang Nữ,Vải,Vải len,7800,1,XTRA Comm,,7745,,4.00%,309.8,4.00%,309.8,619.6,0,0,0,,0,0.00%,0,100.00%,0,Hoàn thành,,Đơn hàng từ các Shop khác nhau,Đã tồn tại,,,,,,Websites
260611R78QQ99U,Hoàn thành,234832443228275,2026-06-11 06:14:03,2026-06-16 12:46:53,2026-06-10 22:03:59,Kim Móc Len,69013932,Preferred(Non-CB),23248825689,"Len Milk Cotton Hàn Quốc 25gr, Len Siêu Mềm Cho Người Mới (Mã 01 - 62)",108960305921,Normal Product,,Thời Trang Nữ,Vải,Vải len,7800,1,XTRA Comm,,7745,,4.00%,309.8,4.00%,309.8,619.6,0,0,0,,0,0.00%,0,100.00%,0,Hoàn thành,,Đơn hàng từ các Shop khác nhau,Đã tồn tại,,,,,,Websites
260611R78QQ99U,Hoàn thành,234832443228275,2026-06-11 06:14:03,2026-06-16 12:46:53,2026-06-10 22:03:59,Kim Móc Len,69013932,Preferred(Non-CB),23248825689,"Len Milk Cotton Hàn Quốc 25gr, Len Siêu Mềm Cho Người Mới (Mã 01 - 62)",108960305925,Normal Product,,Thời Trang Nữ,Vải,Vải len,7800,1,XTRA Comm,,7745,,4.00%,309.8,4.00%,309.8,619.6,0,0,0,,0,0.00%,0,100.00%,0,Hoàn thành,,Đơn hàng từ các Shop khác nhau,Đã tồn tại,,,,,,Websites
260611R78QQ99U,Hoàn thành,234832443228275,2026-06-11 06:14:03,2026-06-16 12:46:53,2026-06-10 22:03:59,Kim Móc Len,69013932,Preferred(Non-CB),23248825689,"Len Milk Cotton Hàn Quốc 25gr, Len Siêu Mềm Cho Người Mới (Mã 01 - 62)",108960305939,Normal Product,,Thời Trang Nữ,Vải,Vải len,7800,2,XTRA Comm,,15490,,4.00%,619.6,4.00%,619.6,1239.2,0,0,0,,0,0.00%,0,100.00%,0,Hoàn thành,,Đơn hàng từ các Shop khác nhau,Đã tồn tại,,,,,,Websites
260611R78QQ99U,Hoàn thành,234832443228275,2026-06-11 06:14:03,2026-06-16 12:46:53,2026-06-10 22:03:59,Kim Móc Len,69013932,Preferred(Non-CB),23248825689,"Len Milk Cotton Hàn Quốc 25gr, Len Siêu Mềm Cho Người Mới (Mã 01 - 62)",108960305947,Normal Product,,Thời Trang Nữ,Vải,Vải len,7800,1,XTRA Comm,,7745,,4.00%,309.8,4.00%,309.8,619.6,0,0,0,,0,0.00%,0,100.00%,0,Hoàn thành,,Đơn hàng từ các Shop khác nhau,Đã tồn tại,,,,,,Websites
260611R78QQ99U,Hoàn thành,234832443228275,2026-06-11 06:14:03,2026-06-16 12:46:53,2026-06-10 22:03:59,Kim Móc Len,69013932,Preferred(Non-CB),23248825689,"Len Milk Cotton Hàn Quốc 25gr, Len Siêu Mềm Cho Người Mới (Mã 01 - 62)",108960305915,Normal Product,,Thời Trang Nữ,Vải,Vải len,7800,1,XTRA Comm,,7752,,4.00%,310.08,4.00%,310.08,620.16,0,0,0,,0,0.00%,0,100.00%,0,Hoàn thành,,Đơn hàng từ các Shop khác nhau,Đã tồn tại,,,,,,Websites
260611R78QQ99U,Hoàn thành,234832443228275,2026-06-11 06:14:03,2026-06-16 12:46:53,2026-06-10 22:03:59,Kim Móc Len,69013932,Preferred(Non-CB),23248825689,"Len Milk Cotton Hàn Quốc 25gr, Len Siêu Mềm Cho Người Mới (Mã 01 - 62)",108960305919,Normal Product,,Thời Trang Nữ,Vải,Vải len,7800,1,XTRA Comm,,7745,,4.00%,309.8,4.00%,309.8,619.6,0,0,0,,0,0.00%,0,100.00%,0,Hoàn thành,,Đơn hàng từ các Shop khác nhau,Đã tồn tại,,,,,,Websites
260611R78QQ99U,Hoàn thành,234832443228275,2026-06-11 06:14:03,2026-06-16 12:46:53,2026-06-10 22:03:59,Kim Móc Len,69013932,Preferred(Non-CB),23248825689,"Len Milk Cotton Hàn Quốc 25gr, Len Siêu Mềm Cho Người Mới (Mã 01 - 62)",108960305930,Normal Product,,Thời Trang Nữ,Vải,Vải len,7800,1,XTRA Comm,,7745,,4.00%,309.8,4.00%,309.8,619.6,0,0,0,,0,0.00%,0,100.00%,0,Hoàn thành,,Đơn hàng từ các Shop khác nhau,Đã tồn tại,,,,,,Websites
260610QERKJJUQ,Hoàn thành,234806132205621,2026-06-10 22:55:33,2026-06-15 21:01:23,2026-06-09 16:16:26,Rẻ Quá - Bán Lẻ Giá Sỉ,998015480,C2C(Non-CB),52250688074,[ Sỉ 10 Túi 1000 Cái ] Màng Bọc Thực Phẩm Trong Suốt Có Bo Chun Tiện Lợi Tiết Kiệm,287117937170,Normal Product,,Nhà cửa & Đời sống,Dụng cụ nhà bếp,Màng bọc thực phẩm,66500,1,XTRA Comm,,59850,,4.00%,2394,1.00%,598.5,2992.5,2394,598.5,2992.5,,0,0.00%,0,100.00%,2992.5,Hoàn thành,,Đơn hàng từ các Shop khác nhau,Đã tồn tại,,,,,,Websites
260610QB5XV5E5,Hoàn thành,234802286294461,2026-06-10 21:51:47,2026-06-17 10:10:41,2026-06-09 10:26:46,GiaDung LanLan,1794809768,C2C(Non-CB),46259784562,"[Mua 5 tặng 5] Combo 10 túi bột tẩy lồng máy giặt, vệ sinh máy giặt hiệu quả",425863219404,Normal Product,,Nhà cửa & Đời sống,Dụng cụ chăm sóc nhà cửa,Chất tẩy rửa,57820,1,XTRA Comm,,57820,,4.00%,2312.8,4.50%,2601.9,4914.7,2312.8,2601.9,4914.7,,0,0.00%,0,100.00%,4914.7,Hoàn thành,,Đơn hàng từ các Shop khác nhau,Đã tồn tại,,,,,,Websites
260610PT4CUQM6,Hoàn thành,234783979245211,2026-06-10 16:46:23,2026-06-15 12:37:32,2026-06-08 17:14:32,Photocopy Gần Đây,1046273708,C2C(Non-CB),46552269901,Dịch Vụ In Tài Liệu Theo Yêu Cầu -  48 Ngày Lấy Gốc Tiếng Anh – Cô Mai Phương,380218844608,Normal Product,,Văn Phòng Phẩm,Sổ & Giấy Các Loại,Khác,59000,1,XTRA Comm,,48000,,4.00%,1920,6.50%,3120,5040,1920,3120,5040,,0,0.00%,0,100.00%,5040,Hoàn thành,,Đơn hàng từ các Shop khác nhau,Đã tồn tại,,,,,,Websites
260610PN4WS67G,Hoàn thành,234778628278514,2026-06-10 15:17:16,2026-06-15 13:41:27,2026-06-09 08:45:57,X-men Official Store,93949212,Shopee Mall(Non-CB),21527476651,"Sáp Vuốt Tóc Nam XMen Salon Solution 65g - Tạo Kiểu Tóc, Giữ Nếp 8H, Không Bóng Tóc, Không Gây Ngứa",155279986836,Normal Product,,Sắc Đẹp,Chăm sóc tóc,Sản phẩm tạo kiểu tóc,81000,1,XTRA Comm,,1000,,4.00%,40,4.00%,40,80,40,40,80,,0,0.00%,0,100.00%,80,Hoàn thành,,Đơn hàng từ các Shop khác nhau,Đã tồn tại,,,,,,Websites
260610PEA2WFY2,Hoàn thành,234771285233120,2026-06-10 13:14:45,2026-06-16 14:22:31,2026-06-09 21:41:32,Mai Toét Shop,57412377,Preferred(Non-CB),42280325418,2 In 1 Giỏ Silicon Làm Sạch Giá Phơi Khô Cọ Trang Điểm Dụng Cụ Vệ Sinh Cọ Trang Điểm Tiện Dụng,325828713497,Normal Product,,Sắc Đẹp,Dụng cụ làm đẹp,Dụng cụ trang điểm,38220,1,Shopee Comm,,38220,,4.00%,1528.8,0.00%,0,1528.8,1528.8,0,1528.8,,0,0.00%,0,100.00%,1528.8,Hoàn thành,,Đơn hàng từ các Shop khác nhau,Đã tồn tại,,,,,,Google Search
260610PE2SAEVN,Hoàn thành,234771041292619,2026-06-10 13:11:02,2026-06-12 17:28:20,2026-06-10 13:07:30,Lnp cosmetic.vn,119096090,Preferred(Non-CB),25659048824,"Combo 200gr sáp wax lông nóng [FREESHIP] kèm chén và 10ml mỡ trăn giúp triệt lông tay chân , nách , râu,bikini",295590537878,Normal Product,,Sắc Đẹp,Tắm & chăm sóc cơ thể,Kem tẩy lông & wax lông,45499,1,XTRA Comm,,31149,,4.00%,1245.96,1.50%,467.235,1713.195,1245.96,467.235,1713.195,,0,0.00%,0,100.00%,1713.195,Hoàn thành,,Đơn hàng từ các Shop khác nhau,Đã tồn tại,,,,,,Websites
260610PDK6G2P1,Hoàn thành,234770517244793,2026-06-10 13:02:01,2026-06-14 16:35:44,2026-06-09 20:06:53,Cake Topper - Phụ Kiện Bánh,1472757722,C2C(Non-CB),29277566912,"Kính Mắt Sinh Nhật – Phụ Kiện Sinh Nhật Độc Đáo, Kính Mắt Vui Nhộn",257734380302,Normal Product,,Nhà cửa & Đời sống,Trang trí tiệc tùng,"Mũ, mặt nạ dự tiệc",5000,1,Shopee Comm,,2500,,4.00%,100,0.00%,0,100,100,0,100,,0,0.00%,0,100.00%,100,Hoàn thành,,Đơn hàng từ các Shop khác nhau,Đã tồn tại,,,,,,Websites
260610PAWKHF6E,Hoàn thành,234767645235199,2026-06-10 12:14:05,2026-06-15 15:25:40,2026-06-09 22:54:37,Trang Trí Cici,16669112,Preferred(Non-CB),6779550301,"Sét tệp 100 tờ giấy gấp Origami, giấy thủ công, giấy gấp hạc hoa ( 10 màu tổng 100 tờ) nhiều kích thước |Trang Trí Cici|",63720168673,Normal Product,,Văn Phòng Phẩm,Sổ & Giấy Các Loại,Giấy Mỹ Thuật,27999,1,XTRA Comm,,25946,,4.00%,1037.84,1.00%,259.46,1297.3,1037.84,259.46,1297.3,,0,0.00%,0,100.00%,1297.3,Hoàn thành,,Đơn hàng từ các Shop khác nhau,Đã tồn tại,,,,,,Google Search
260610PA6R3RXU,Hoàn thành,234766878273131,2026-06-10 12:01:25,2026-06-11 11:46:56,2026-06-10 08:08:10,Christy Shop Bán Vì Đam Mê,100565712,C2C(Non-CB),47457878396,TO ĐÙNG [EXP 2028] LÕI CUSHION ELROEL BLENDING COMPACT TONE 21,277488172612,Normal Product,,Sắc Đẹp,Trang điểm,Trang điểm mặt,65555,1,Shopee Comm,,43821,,4.00%,1752.84,0.00%,0,1752.84,1752.84,0,1752.84,,0,0.00%,0,100.00%,1752.84,Hoàn thành,,Đơn hàng từ các Shop khác nhau,Đã tồn tại,,,,,,Websites
260610PA6R3RXT,Hoàn thành,234766878273130,2026-06-10 12:01:25,2026-06-12 10:27:07,2026-06-10 08:08:10,Hàng Khuyến Mãi Mini Size,1393194279,C2C(Non-CB),27016271552,Tinh chất chống nắng nâng tông Sunlay Skin Aqua Tone Up UV hồng cho da thường và da khô,241930970433,Normal Product,,Sắc Đẹp,Chăm sóc da mặt,Kem chống nắng cho mặt,18620,1,Shopee Comm,,12478,,4.00%,499.12,0.00%,0,499.12,499.12,0,499.12,,0,0.00%,0,100.00%,499.12,Hoàn thành,,Đơn hàng từ các Shop khác nhau,Đã tồn tại,,,,,,Websites
260610PA6R3RXR,Hoàn thành,234766878273128,2026-06-10 12:01:25,2026-06-11 20:23:48,2026-06-10 08:08:10,Mỹ Phẩm - giá Kho 2,171882708,C2C(Non-CB),24026167867,(Date 2027) Lõi phấn tươi Hàn Quốc kiềm dầu tone sáng mềm mịn mướt,295132315895,Normal Product,,Sắc Đẹp,Trang điểm,Trang điểm mặt,25970,1,XTRA Comm,,17399,,4.00%,695.96,5.00%,869.95,1565.91,695.96,869.95,1565.91,,0,0.00%,0,100.00%,1565.91,Hoàn thành,,Đơn hàng từ các Shop khác nhau,Đã tồn tại,,,,,,Websites
260610PA6R3RXQ,Hoàn thành,234766878273127,2026-06-10 12:01:25,2026-06-11 20:23:54,2026-06-10 08:08:10,Chuyên Lens Giá Sỉ,93043975,Preferred(Non-CB),7592449414,"[Sử Dụng 1 Ngày] Kính áp tròng Hàn Quốc Clalen Iris màu Latin [độ từ -1,00 → -10,00]",26441737977,Normal Product,,Sức Khỏe,Chăm sóc cá nhân,Chăm sóc mắt,28000,1,XTRA Comm,,18760,,4.00%,750.4,1.00%,187.6,938,1496.76,374.19,1870.95,,0,0.00%,0,100.00%,1870.95,Hoàn thành,,Đơn hàng từ các Shop khác nhau,Đã tồn tại,,,,,,Websites
260610PA6R3RXQ,Hoàn thành,234766878273127,2026-06-10 12:01:25,2026-06-11 20:23:54,2026-06-10 08:08:10,Chuyên Lens Giá Sỉ,93043975,Preferred(Non-CB),7592449414,"[Sử Dụng 1 Ngày] Kính áp tròng Hàn Quốc Clalen Iris màu Latin [độ từ -1,00 → -10,00]",26441737983,Normal Product,,Sức Khỏe,Chăm sóc cá nhân,Chăm sóc mắt,28000,1,XTRA Comm,,18659,,4.00%,746.36,1.00%,186.59,932.95,0,0,0,,0,0.00%,0,100.00%,0,Hoàn thành,,Đơn hàng từ các Shop khác nhau,Đã tồn tại,,,,,,Websites
260610P8D2Q5K9,Hoàn thành,234764943241556,2026-06-10 11:29:07,2026-06-18 12:39:23,2026-06-09 23:34:11,RemThuyDuongPDC,120588514,C2C(Non-CB),29730173587,"Rèm Sáo Nhôm Không Khoan, rèm không khoan, màu Hàn Quốc và màu vân gỗ",326040529380,Normal Product,,Nhà cửa & Đời sống,Trang trí nhà cửa,"Rèm cửa, màn che",455000,1,Shopee Comm,,386750,,4.00%,15470,0.00%,0,15470,15470,0,15470,,0,0.00%,0,100.00%,15470,Hoàn thành,,Đơn hàng từ các Shop khác nhau,Đã tồn tại,,,,,,Websites
260610P7S7HGM1,Hoàn thành,234764277216260,2026-06-10 11:17:57,2026-06-13 22:41:48,2026-06-10 11:16:47,Gia Dung FMC,501438149,Preferred(Non-CB),20177059078,"Cây gạt nước sàn nhà cao cấp, bàn gạt vệ sinh kính đa năng lưỡi chổi bằng silicone mềm dẻo 52cm",184113226799,Normal Product,,Nhà cửa & Đời sống,Dụng cụ chăm sóc nhà cửa,Cây lau nhà,55000,1,Ưu đãi do người bán mời,,55000,,0.00%,0,8.00%,4400,4400,0,4400,4400,,0,0.00%,0,100.00%,4400,Hoàn thành,,Đơn hàng từ cùng một Shop,Đã tồn tại,,,,,,Shopeevideo-Shopee
260610P6S987HS,Hoàn thành,234763205263092,2026-06-10 11:00:05,2026-06-11 10:14:26,2026-06-10 09:36:38,Fashion Buckle,1644131662,C2C(Non-CB),55558137449,"Phụ kiện dép lỗ DIY cao su mềm, Charm 3D Sticker Gắn Dép, nhiều mẫu chọn tự do phong cách",355723196026,Normal Product,,Giày Dép Nữ,Phụ kiện & chăm sóc giày,Khác,1990,1,XTRA Comm,,740,,4.00%,29.6,5.00%,37,66.6,236.8,296,532.8,,0,0.00%,0,100.00%,532.8,Hoàn thành,,Đơn hàng từ các Shop khác nhau,Đã tồn tại,,,,,,Websites
260610P6S987HS,Hoàn thành,234763205263092,2026-06-10 11:00:05,2026-06-11 10:14:26,2026-06-10 09:36:38,Fashion Buckle,1644131662,C2C(Non-CB),55558137449,"Phụ kiện dép lỗ DIY cao su mềm, Charm 3D Sticker Gắn Dép, nhiều mẫu chọn tự do phong cách",355723196040,Normal Product,,Giày Dép Nữ,Phụ kiện & chăm sóc giày,Khác,1990,3,XTRA Comm,,2220,,4.00%,88.8,5.00%,111,199.8,0,0,0,,0,0.00%,0,100.00%,0,Hoàn thành,,Đơn hàng từ các Shop khác nhau,Đã tồn tại,,,,,,Websites
260610P6S987HS,Hoàn thành,234763205263092,2026-06-10 11:00:05,2026-06-11 10:14:26,2026-06-10 09:36:38,Fashion Buckle,1644131662,C2C(Non-CB),55558137449,"Phụ kiện dép lỗ DIY cao su mềm, Charm 3D Sticker Gắn Dép, nhiều mẫu chọn tự do phong cách",350723195838,Normal Product,,Giày Dép Nữ,Phụ kiện & chăm sóc giày,Khác,1990,1,XTRA Comm,,740,,4.00%,29.6,5.00%,37,66.6,0,0,0,,0,0.00%,0,100.00%,0,Hoàn thành,,Đơn hàng từ các Shop khác nhau,Đã tồn tại,,,,,,Websites
260610P6S987HS,Hoàn thành,234763205263092,2026-06-10 11:00:05,2026-06-11 10:14:26,2026-06-10 09:36:38,Fashion Buckle,1644131662,C2C(Non-CB),55558137449,"Phụ kiện dép lỗ DIY cao su mềm, Charm 3D Sticker Gắn Dép, nhiều mẫu chọn tự do phong cách",350723195843,Normal Product,,Giày Dép Nữ,Phụ kiện & chăm sóc giày,Khác,1990,1,XTRA Comm,,740,,4.00%,29.6,5.00%,37,66.6,0,0,0,,0,0.00%,0,100.00%,0,Hoàn thành,,Đơn hàng từ các Shop khác nhau,Đã tồn tại,,,,,,Websites
260610P6S987HS,Hoàn thành,234763205263092,2026-06-10 11:00:05,2026-06-11 10:14:26,2026-06-10 09:36:38,Fashion Buckle,1644131662,C2C(Non-CB),55558137449,"Phụ kiện dép lỗ DIY cao su mềm, Charm 3D Sticker Gắn Dép, nhiều mẫu chọn tự do phong cách",355723196002,Normal Product,,Giày Dép Nữ,Phụ kiện & chăm sóc giày,Khác,1990,1,XTRA Comm,,740,,4.00%,29.6,5.00%,37,66.6,0,0,0,,0,0.00%,0,100.00%,0,Hoàn thành,,Đơn hàng từ các Shop khác nhau,Đã tồn tại,,,,,,Websites
260610P6S987HS,Hoàn thành,234763205263092,2026-06-10 11:00:05,2026-06-11 10:14:26,2026-06-10 09:36:38,Fashion Buckle,1644131662,C2C(Non-CB),55558137449,"Phụ kiện dép lỗ DIY cao su mềm, Charm 3D Sticker Gắn Dép, nhiều mẫu chọn tự do phong cách",355723196013,Normal Product,,Giày Dép Nữ,Phụ kiện & chăm sóc giày,Khác,1990,1,XTRA Comm,,740,,4.00%,29.6,5.00%,37,66.6,0,0,0,,0,0.00%,0,100.00%,0,Hoàn thành,,Đơn hàng từ các Shop khác nhau,Đã tồn tại,,,,,,Websites
260610P1ES9DMH,Hoàn thành,234757484271569,2026-06-10 09:24:51,2026-06-13 15:08:13,2026-06-09 07:18:43,Deli HCM Official Store,348955539,Shopee Mall(Non-CB),44253348012,Bút Gel Bấm Nhiều Màu Deli EG118 Thân Mờ Ngòi 0.5mm Bút Gel Thiết Kế Tối Giản Viết Mượt,266878011431,Normal Product,,Văn Phòng Phẩm,Bút Các Loại,Bút & Mực,20000,1,Shopee Comm,,9711,,4.00%,388.44,0.00%,0,388.44,1311,0,1311,,0,0.00%,0,100.00%,1311,Hoàn thành,,Đơn hàng từ các Shop khác nhau,Đã tồn tại,,,,,,Websites
260610P1ES9DMH,Hoàn thành,234757484271569,2026-06-10 09:24:51,2026-06-13 15:08:13,2026-06-09 07:18:43,Deli HCM Official Store,348955539,Shopee Mall(Non-CB),44253348012,Bút Gel Bấm Nhiều Màu Deli EG118 Thân Mờ Ngòi 0.5mm Bút Gel Thiết Kế Tối Giản Viết Mượt,270277348942,Normal Product,,Văn Phòng Phẩm,Bút Các Loại,Bút & Mực,9500,3,Shopee Comm,,13838,,4.00%,553.52,0.00%,0,553.52,0,0,0,,0,0.00%,0,100.00%,0,Hoàn thành,,Đơn hàng từ các Shop khác nhau,Đã tồn tại,,,,,,Websites
260610P1ES9DMH,Hoàn thành,234757484271569,2026-06-10 09:24:51,2026-06-13 15:08:13,2026-06-09 07:18:43,Deli HCM Official Store,348955539,Shopee Mall(Non-CB),44253348012,Bút Gel Bấm Nhiều Màu Deli EG118 Thân Mờ Ngòi 0.5mm Bút Gel Thiết Kế Tối Giản Viết Mượt,270277348944,Normal Product,,Văn Phòng Phẩm,Bút Các Loại,Bút & Mực,9500,2,Shopee Comm,,9226,,4.00%,369.04,0.00%,0,369.04,0,0,0,,0,0.00%,0,100.00%,0,Hoàn thành,,Đơn hàng từ các Shop khác nhau,Đã tồn tại,,,,,,Websites
260609MMJ5CBJD,Hoàn thành,234709279233767,2026-06-09 20:01:19,2026-06-16 18:10:12,2026-06-09 09:28:30,Nhà của dứa - thế giới len,33594225,Preferred(Non-CB),21941290073,[Mua để nhận quà] len sợi MILK BABY cotton 50 gram bảng 62 Màu,212561433407,Normal Product,,Thời Trang Nữ,Vải,Vải len,11385,1,Shopee Comm,,1385,,4.00%,55.4,0.00%,0,55.4,55.4,0,55.4,,0,0.00%,0,100.00%,55.4,Hoàn thành,,Đơn hàng từ các Shop khác nhau,Đã tồn tại,,,,,,Websites
260609MFQTB03B,Hoàn thành,234704100271415,2026-06-09 18:35:08,2026-06-12 10:39:01,2026-06-07 09:05:18,LUCAS NAIL,75215844,Preferred(Non-CB),53011149811,Nail Box Mắt Mèo ĐẨY FULL Trơn Sang Chảnh Móng Tay Giả Thiết Kế Nhiều Màu,310972560295,Normal Product,,Sắc Đẹp,"Chăm sóc tay, chân & móng",Chăm sóc móng,15600,1,XTRA Comm,,15400,,4.00%,616,5.00%,770,1386,616,770,1386,,0,0.00%,0,100.00%,1386,Hoàn thành,,Đơn hàng từ các Shop khác nhau,Đã tồn tại,,,,,,Websites
260609M9YEVS50,Đã hủy,234697914257341,2026-06-09 16:51:55,--,2026-06-07 17:32:16,CHANCASE.STORE,1672267972,C2C(Non-CB),48801194312,"Ốp Samsung A07 in hình hoa xinh, nữ tính TPU cạnh vuông bảo vệ camera Chancase",370107537564,Normal Product,,Điện Thoại & Phụ Kiện,Phụ kiện,"Vỏ bao, Ốp lưng & Miếng dán",39500,0,XTRA Comm,,0,39500,4.00%,0,1.50%,0,0,0,0,0,,0,0.00%,0,100.00%,0,Đã hủy,Đơn hàng không hợp lệ.,Đơn hàng từ các Shop khác nhau,Đã tồn tại,,,,,,Websites
260609KAGK0EDN,Hoàn thành,234664129257612,2026-06-09 07:28:49,2026-06-11 21:00:30,2026-06-09 07:28:42,Gia Dung FMC,501438149,Preferred(Non-CB),20177059078,"Cây gạt nước sàn nhà cao cấp, bàn gạt vệ sinh kính đa năng lưỡi chổi bằng silicone mềm dẻo 52cm",184113226799,Normal Product,,Nhà cửa & Đời sống,Dụng cụ chăm sóc nhà cửa,Cây lau nhà,55000,1,Ưu đãi do người bán mời,,55000,,0.00%,0,8.00%,4400,4400,0,4400,4400,,0,0.00%,0,100.00%,4400,Hoàn thành,,Đơn hàng từ cùng một Shop,Đã tồn tại,,,,,,Shopeevideo-Shopee
260608HDX90178,Hoàn thành,234599090269243,2026-06-08 13:24:51,2026-06-10 11:08:27,2026-06-08 13:05:59,Hoàn Mỹ Health & Beauty,877920997,Preferred(Non-CB),29368033114,Kem Dưỡng Ẩm Chuyên Sâu NIVEA Crème Hộp Thiếc (60 ml),247058865502,Normal Product,,Sắc Đẹp,Chăm sóc da mặt,Kem dưỡng ẩm,47000,1,XTRA Comm,,32700,,4.00%,1308,1.00%,327,1635,1308,327,1635,,0,0.00%,0,100.00%,1635,Hoàn thành,,Đơn hàng từ các Shop khác nhau,Đã tồn tại,,,,,,Facebook
260608H4P0G6A6,Hoàn thành,234589149249297,2026-06-08 10:39:13,2026-06-12 14:51:37,2026-06-06 00:49:52,FAMILY86,40246675,Preferred(Non-CB),40257135012,"Kìm Cắt Móng Tay Chân, Kìm Cắt Da Nhặt Da Tay Cắt Khóe Thép Không Gỉ Có Nắp Đậy, Kiềm Cắt Móng",275604137434,Normal Product,,Sắc Đẹp,"Chăm sóc tay, chân & móng",Chăm sóc móng,39600,1,XTRA Comm,,39600,,4.00%,1584,3.00%,1188,2772,1584,1188,2772,,0,0.00%,0,100.00%,2772,Hoàn thành,,Đơn hàng từ các Shop khác nhau,Đã tồn tại,,,,,,Others
260608GK2APHCM,Hoàn thành,234570235244783,2026-06-08 05:24:00,2026-06-14 00:05:29,2026-06-07 06:10:12,GREENBAR STORE,122107363,Shopee Mall(Non-CB),27981395144,Kẹp Gắp Thức Ăn Đầu Răng Cưa GREENBAR Chất Liệu Inox,215935621824,Normal Product,,Nhà cửa & Đời sống,Dụng cụ nhà bếp,Cây vét bột & đồ gắp thức ăn,26000,1,XTRA Comm,,1000,,4.00%,40,2.50%,25,65,40,25,65,,0,0.00%,0,100.00%,65,Hoàn thành,,Đơn hàng từ các Shop khác nhau,Đã tồn tại,,,,,,Websites
260608G1CH66DA,Hoàn thành,234551250236099,2026-06-08 00:07:30,2026-06-09 16:13:45,2026-06-07 22:09:51,Milu2026@,1795850957,C2C(Non-CB),46260312338,"Thức ăn hạt cho mèo con Wincat Kitten gói 500,800 Gr - Win DOG, WIn Cat",426000370389,Normal Product,,Chăm Sóc Thú Cưng,Thức ăn cho thú cưng,Thức ăn cho mèo,1000,1,XTRA Comm,,1000,,0.00%,0,5.00%,50,50,0,100,100,,0,0.00%,0,100.00%,100,Hoàn thành,,Đơn hàng từ các Shop khác nhau,Đã tồn tại,,,,,,Websites
260608G1CH66DA,Hoàn thành,234551250236099,2026-06-08 00:07:30,2026-06-09 16:13:45,2026-06-07 22:09:51,Milu2026@,1795850957,C2C(Non-CB),54660278330,"Thức ăn hạt cho mèo bầu gói 500Gr, 800gr WinDog, Wincat",302663189627,Normal Product,,Chăm Sóc Thú Cưng,Thức ăn cho thú cưng,Thức ăn cho mèo,1000,1,XTRA Comm,,1000,,0.00%,0,5.00%,50,50,0,0,0,,0,0.00%,0,100.00%,0,Hoàn thành,,Đơn hàng từ các Shop khác nhau,Đã tồn tại,,,,,,Websites
260608G1CH66D9,Hoàn thành,234551250236098,2026-06-08 00:07:30,2026-06-10 18:43:08,2026-06-07 22:09:51,glamspark.vn,1329098081,Preferred(CB),26257837345,👑GK👑Set 1 miềng dán cố định tóc tiện ích 2024,226658821176,Normal Product,,Phụ Kiện Thời Trang,Phụ kiện tóc,Khác,1000,1,XTRA Comm,,1000,,4.00%,40,3.50%,35,75,40,35,75,,0,0.00%,0,100.00%,75,Hoàn thành,,Đơn hàng từ các Shop khác nhau,Đã tồn tại,,,,,,Websites
260606D8YB0P2V,Hoàn thành,234456318276516,2026-06-06 21:45:26,2026-06-12 11:26:27,2026-06-06 18:58:16,Tiểu An - Văn Phòng Phẩm,129892489,Preferred(Non-CB),22529976631,Giấy Flash Card Tiện Dụng 100 trang Để Note/ Ghi Chú - Màu Đen & Nâu (4x7 cm),146695421877,Normal Product,,Văn Phòng Phẩm,Sổ & Giấy Các Loại,Giấy Ghi Chú,16615,1,XTRA Comm,,213,,4.00%,8.52,1.50%,3.195,11.715,8.52,3.195,11.715,,0,0.00%,0,100.00%,11.715,Hoàn thành,,Đơn hàng từ các Shop khác nhau,Đã tồn tại,,,,,,Websites
260518PF7N0FTP,Hoàn thành,232772277281153,2026-05-18 09:57:57,2026-05-24 11:28:34,2026-05-18 09:57:00,Gia Dung FMC,501438149,Preferred(Non-CB),20177059078,"Cây gạt nước sàn nhà cao cấp, bàn gạt vệ sinh kính đa năng lưỡi chổi bằng silicone mềm dẻo 52cm",184113226799,Normal Product,,Nhà cửa & Đời sống,Dụng cụ chăm sóc nhà cửa,Cây lau nhà,55000,1,Ưu đãi do người bán mời,,55000,,0.00%,0,8.00%,4400,4400,0,4400,4400,,0,0.00%,0,100.00%,4400,Hoàn thành,,Đơn hàng từ cùng một Shop,Đã tồn tại,,,,,,Shopeevideo-Shopee
2605090G927MXC,Hoàn thành,232017484201607,2026-05-09 16:18:05,2026-05-18 15:30:29,2026-05-09 16:17:49,Gia Dung FMC,501438149,Preferred(Non-CB),20177059078,"Cây gạt nước sàn nhà cao cấp, bàn gạt vệ sinh kính đa năng lưỡi chổi bằng silicone mềm dẻo 52cm",184113226799,Normal Product,,Nhà cửa & Đời sống,Dụng cụ chăm sóc nhà cửa,Cây lau nhà,55000,1,Ưu đãi do người bán mời,,21543,,0.00%,0,8.00%,1723.44,1723.44,0,1723.44,1723.44,,0,0.00%,0,100.00%,1723.44,Hoàn thành,,Đơn hàng từ cùng một Shop,Đã tồn tại,,,,,,Shopeevideo-Shopee
260507QKDRQ2ER,Hoàn thành,231811137206340,2026-05-07 06:58:58,2026-05-11 11:16:34,2026-05-07 06:47:21,Gia Dung FMC,501438149,Preferred(Non-CB),20177059078,"Cây gạt nước sàn nhà cao cấp, bàn gạt vệ sinh kính đa năng lưỡi chổi bằng silicone mềm dẻo 52cm",184113226799,Normal Product,,Nhà cửa & Đời sống,Dụng cụ chăm sóc nhà cửa,Cây lau nhà,55000,2,Ưu đãi do người bán mời,,110000,,0.00%,0,8.00%,8800,8800,0,8800,8800,,0,0.00%,0,100.00%,8800,Hoàn thành,,Đơn hàng từ cùng một Shop,Đã tồn tại,,,,,,Shopeevideo-Shopee
260507QFCCUWA6,Hoàn thành,231806796266515,2026-05-07 05:46:36,2026-05-13 16:40:59,2026-05-07 05:45:25,Gia Dung FMC,501438149,Preferred(Non-CB),20177059078,"Cây gạt nước sàn nhà cao cấp, bàn gạt vệ sinh kính đa năng lưỡi chổi bằng silicone mềm dẻo 52cm",184113226799,Normal Product,,Nhà cửa & Đời sống,Dụng cụ chăm sóc nhà cửa,Cây lau nhà,55000,2,Ưu đãi do người bán mời,,90200,,0.00%,0,8.00%,7216,7216,0,7216,7216,,0,0.00%,0,100.00%,7216,Hoàn thành,,Đơn hàng từ cùng một Shop,Đã tồn tại,,,,,,Shopeevideo-Shopee
260505JRB6QG4V,Đã hủy,231644621251393,2026-05-05 08:43:42,--,2026-05-05 08:40:54,Gia Dung FMC,501438149,Preferred(Non-CB),20177059078,"Cây gạt nước sàn nhà cao cấp, bàn gạt vệ sinh kính đa năng lưỡi chổi bằng silicone mềm dẻo 52cm",184113226799,Normal Product,,Nhà cửa & Đời sống,Dụng cụ chăm sóc nhà cửa,Cây lau nhà,55000,0,Ưu đãi do người bán mời,,0,55000,0.00%,0,8.00%,0,0,0,0,0,,0,0.00%,0,100.00%,0,Đã hủy,Đơn hàng không hợp lệ.,Đơn hàng từ cùng một Shop,Đã tồn tại,,,,,,Shopeevideo-Shopee
260502BHGQG8CM,Hoàn thành,231396772259613,2026-05-02 11:52:53,2026-05-06 08:33:55,2026-05-02 11:52:03,Gia Dung FMC,501438149,Preferred(Non-CB),20177059078,"Cây gạt nước sàn nhà cao cấp, bàn gạt vệ sinh kính đa năng lưỡi chổi bằng silicone mềm dẻo 52cm",184113226799,Normal Product,,Nhà cửa & Đời sống,Dụng cụ chăm sóc nhà cửa,Cây lau nhà,55000,1,Ưu đãi do người bán mời,,55000,,0.00%,0,8.00%,4400,4400,0,4400,4400,,0,0.00%,0,100.00%,4400,Hoàn thành,,Đơn hàng từ cùng một Shop,Đã tồn tại,,,,,,Shopeevideo-Shopee
